id,first_name,car_model_year,country,credit_card,language,university
1,Lucky,1995,Mexico,jcb,Ndebele,Universidad Autónoma Metropolitana - Xochimilco
2,Ivette,2011,Mexico,jcb,Punjabi,Instituto Politécnico Nacional
3,Clarinda,1990,Mexico,diners-club-carte-blanche,Pashto,Instituto Tecnológico de Aguascalientes
4,Emlyn,2003,Mexico,jcb,Burmese,"Universidad Pedagógica Nacional, Unidad León"
5,Lorant,1998,Mexico,diners-club-carte-blanche,Marathi,Universidad Jóse Vasconcelos
6,Tod,1998,Mexico,jcb,Danish,Universidad de Monterrey
7,Ker,2008,Mexico,jcb,French,Universidad de San Miguel
8,Dolli,2000,Mexico,diners-club-carte-blanche,Malayalam,Universidad de las Américas
9,Sonja,2004,Mexico,visa-electron,Irish Gaelic,Universidad Mesoamericana de San Agustín
10,Alford,1997,Mexico,americanexpress,Malagasy,Instituto Tecnológico de León
11,Abner,1994,Mexico,china-unionpay,Tswana,Escuela Bancaria y Comercial
12,Alexei,2003,Mexico,jcb,English,Universidad Autónoma de Baja California
13,Corabelle,1993,Mexico,jcb,Kashmiri,Instituto Tecnológico de León
14,Shandy,2008,Mexico,mastercard,Filipino,Universidad Chapultepéc
15,Jyoti,2012,Mexico,jcb,Korean,Universidad Autónoma de Querétaro
16,Karoly,2006,Mexico,jcb,Croatian,Universidad Santa Fe
17,Giulio,2000,Mexico,mastercard,Italian,Universidad Tecnológica de México
18,Dennet,1967,Mexico,jcb,Khmer,Universidad del Bajío
19,Burton,1998,Mexico,diners-club-international,Kurdish,Universidad Autónoma de Tlaxcala
20,Gerrilee,1980,Mexico,solo,Korean,Universidad Metropolitana Latin Campus
21,Piper,2012,Mexico,maestro,Afrikaans,Universidad Nacional Autónoma de México
22,Mady,2010,Mexico,visa-electron,Pashto,Universidad de Montemorelos
23,Blisse,1997,Mexico,visa,Czech,Dirección General de Institutos Tecnológicos
24,Corrinne,2001,Mexico,jcb,Finnish,Universidad de Montemorelos
25,Reagan,1999,Mexico,mastercard,Burmese,Universidad del Centro de México
26,Bastien,2000,Mexico,mastercard,Dhivehi,Universidad del Norte
27,Giselle,2004,Mexico,diners-club-carte-blanche,Oriya,Universidad Tecnologica de Nezahualcoyotl
28,Maxy,2009,Mexico,instapayment,Swati,Universidad de León
29,Tory,2001,Mexico,jcb,Lao,"Universidad Pedagógica Nacional, Unidad León"
30,Maurise,1995,Mexico,mastercard,Croatian,Universidad Autónoma de Querétaro
31,Thekla,1996,Mexico,jcb,Armenian,Universidad Juárez Autónoma de Tabasco
32,Horace,1988,Mexico,jcb,Maltese,Universidad de San Miguel
33,Nealon,2005,Mexico,laser,Afrikaans,CETYS Universidad
34,Andros,2003,Mexico,diners-club-us-ca,Swahili,Instituto Tecnológico de Celaya
35,Keven,2011,Mexico,maestro,Irish Gaelic,Universidad Latinoamericana
36,Efrem,1993,Mexico,china-unionpay,Haitian Creole,"Universidad Autónoma Agraria ""Antonio Narro"""
37,Barnard,1977,Mexico,jcb,Punjabi,Universidad Santa Fe
38,Kippar,2012,Mexico,jcb,Hungarian,Universidad del Tepeyac
39,Coleen,1998,Mexico,mastercard,Marathi,Universidad de Occidente
40,Hanny,1996,Mexico,bankcard,Greek,Universidad Autonoma España de Durango
41,Marybelle,2010,Mexico,jcb,Malagasy,Universidad Autónoma de Chiapas
42,Linoel,2004,Mexico,jcb,Kazakh,"Instituto Politécnico Nacional, Campus Guanajuato"
43,Chickie,1996,Mexico,jcb,Moldovan,Universidad Obrera de Mexico
44,Deirdre,1985,Mexico,jcb,Thai,Universidad Autónoma de Tlaxcala
45,Elicia,2010,Mexico,mastercard,Telugu,"Universidad Autónoma Agraria ""Antonio Narro"""
46,Keven,2008,Mexico,visa,Japanese,Dirección General de Institutos Tecnológicos
47,Franchot,1999,Mexico,china-unionpay,Irish Gaelic,Universidad Autonoma  de Durango
48,Devondra,2006,Mexico,jcb,Malay,Universidad del Valle de Puebla
49,Melina,2009,Mexico,jcb,Bengali,Instituto Tecnológico de Sonora
50,Hadleigh,2001,Mexico,jcb,Kannada,Instituto Tecnológico de Querétaro
51,Kandace,2000,Mexico,switch,Armenian,Universidad de Sonora
52,Zared,2004,Mexico,diners-club-enroute,Czech,Universidad Simón Bolivar
53,Adolf,2003,Mexico,laser,Hindi,Universidad de Monterrey
54,Remy,1987,Mexico,diners-club-international,Malay,Centro Universitario Ixtlahuaca
55,Jerad,1995,Mexico,jcb,Kyrgyz,Universidad Autónoma de Baja California Sur
56,Kori,1995,Mexico,maestro,Lao,Universidad Itaca
57,Horst,2000,Mexico,mastercard,Afrikaans,Universidad Iberoamericana
58,Anny,2006,Mexico,jcb,Oriya,Universidad Autónoma del Estado de Morelos
59,Inge,2003,Mexico,china-unionpay,Irish Gaelic,Universidad de Hermosillo
60,Katerina,1995,Mexico,instapayment,Dzongkha,CETYS Universidad
61,Tannie,2012,Mexico,jcb,Bengali,Universidad Popular Autonóma del Estado de Puebla
62,Alyssa,2003,Mexico,jcb,Hungarian,Universidad Autónoma del Estado de Hidalgo
63,Erinna,1993,Mexico,china-unionpay,Arabic,Universidad Autónoma del Noreste
64,Cale,2006,Mexico,jcb,Assamese,Universidad de las Américas - Puebla
65,Reina,2010,Mexico,mastercard,Tamil,Universidad Autonoma España de Durango
66,Cordi,1988,Mexico,visa-electron,Pashto,Westhill University
67,Shani,1993,Mexico,china-unionpay,Hungarian,Universidad de Sonora
68,Brunhilde,2005,Mexico,diners-club-carte-blanche,Montenegrin,Universidad Tecnológica de México
69,Wini,2012,Mexico,jcb,Persian,Universidad Autónoma del Carmen
70,Bo,2009,Mexico,diners-club-us-ca,Telugu,Universidad del Centro de México
71,Christin,1992,Mexico,jcb,Persian,Universidad Cientifica Latinoamericana de Hidalgo
72,Phoebe,1994,Mexico,jcb,Malay,Universidad Metropolitana Latin Campus
73,Patience,2010,Mexico,jcb,Czech,Instituto Tecnologico de Minatitlan
74,Merla,1984,Mexico,jcb,Albanian,Universidad Autónoma de Guerrero
75,Cristal,1995,Mexico,jcb,Swati,Universidad Autónoma de Fresnillo
76,Dimitry,2006,Mexico,jcb,Kazakh,Universidad de Sonora
77,Estella,1998,Mexico,maestro,Bulgarian,Universidad Autónoma de Sinaloa
78,Sarina,2009,Mexico,jcb,Indonesian,Instituto Tecnológico de Sonora
79,Fran,1982,Mexico,jcb,Greek,Benemerita Universidad Autónoma de Puebla
80,Michelle,2002,Mexico,jcb,Croatian,Universidad de Comunicación Avanzada
81,Leonanie,1993,Mexico,jcb,Estonian,Universidad Fray Luca Paccioli
82,Bertha,2008,Mexico,jcb,Hungarian,Universidad Nacional Autónoma de México
83,Essie,2012,Mexico,americanexpress,Fijian,Politécnico de Guanajuato
84,Saba,2005,Mexico,diners-club-enroute,Czech,Universidad de Celaya
85,Josias,2012,Mexico,solo,Maltese,Universidad Juárez Autónoma de Tabasco
86,Jeannine,1999,Mexico,jcb,Dzongkha,Universidad Valle del Grijalva
87,Marybeth,2007,Mexico,switch,Kashmiri,Universidad Autónoma Metropolitana - Iztapalapa
88,Montague,2000,Mexico,jcb,New Zealand Sign Language,Universidad Chapultepéc
89,Mehetabel,2011,Mexico,bankcard,Amharic,Universidad de Norteamerica
90,Patten,1994,Mexico,maestro,Fijian,Universidad Autonoma España de Durango
91,Trixi,1992,Mexico,mastercard,Lithuanian,Universidad La Salle Cuernavaca
92,Jerrome,1963,Mexico,instapayment,Tsonga,Universidad Iberoamericana
93,Myrtle,1991,Mexico,china-unionpay,Albanian,Universidad Autónoma de Coahuila
94,Chad,2011,Mexico,jcb,Quechua,Universidad del Valle de Atemajac
95,Concordia,2010,Mexico,jcb,Hebrew,Universidad Autónoma de Tamaulipas
96,Georgeta,1992,Mexico,switch,Marathi,Centro de Enseñanza Técnica Industrial
97,Web,1993,Mexico,visa-electron,Afrikaans,Universidad Tecnologica de Nezahualcoyotl
98,Moselle,2002,Mexico,americanexpress,Dhivehi,Universidad del Valle de Toluca
99,Cari,2008,Mexico,maestro,Māori,Universidad del Valle de Puebla
100,Shaine,2008,Mexico,switch,Nepali,Universidad de Ciencias y Artes de Chiapas
101,Amanda,2003,Mexico,jcb,Quechua,Universidad Cuauhtémoc
102,Tremayne,2012,Mexico,mastercard,Albanian,Universidad del Noroeste
103,Broddie,2010,Mexico,maestro,Finnish,Universidad Autónoma del Estado de Hidalgo
104,Dorothea,1993,Mexico,jcb,Northern Sotho,Universidad México Americana del Norte
105,Ardyth,1999,Mexico,jcb,Italian,Instituto Tecnológico de León
106,Filippo,2003,Mexico,diners-club-carte-blanche,Quechua,Universidad de Comunicación Avanzada
107,Dane,2002,Mexico,jcb,Lao,Universidad México Americana del Norte
108,Piper,2003,Mexico,maestro,Polish,Universidad del Centro de México
109,Maurie,2000,Mexico,jcb,Dzongkha,Universidad Valle del Grijalva
110,Darwin,2004,Mexico,visa-electron,Polish,Universidad Jóse Vasconcelos
111,Meredith,1999,Mexico,visa-electron,Luxembourgish,Universidad Autónoma de Guerrero
112,Shandee,1976,Mexico,americanexpress,Persian,Centro Universitario Ixtlahuaca
113,Shaun,2003,Mexico,switch,Macedonian,Universidad de Quintana Roo
114,Eachelle,1990,Mexico,jcb,Afrikaans,Universidad Autónoma de Tamaulipas
115,Delcina,2013,Mexico,jcb,Dutch,Universidad Anáhuac del Sur
116,Dacy,2012,Mexico,jcb,Oriya,Instituto Tecnológico de Morelia
117,Cher,2000,Mexico,jcb,Pashto,Universidad del Tepeyac
118,Claybourne,2004,Mexico,jcb,Amharic,Universidad México Internacional
119,Bennie,2012,Mexico,switch,Marathi,Universidad de Ciencias y Artes de Chiapas
120,Dori,2005,Mexico,americanexpress,Swedish,Instituto Politécnico Nacional
121,Rudy,2008,Mexico,diners-club-carte-blanche,Guaraní,"Universidad Iberoamericana, Campus León"
122,Adriena,2009,Mexico,visa-electron,Quechua,Universidad Autónoma de Guerrero
123,Ronna,1997,Mexico,jcb,Nepali,Universidad Autónoma de Chapingo
124,Saraann,2005,Mexico,mastercard,Croatian,Instituto Tecnologico de Minatitlan
125,Matilde,1990,Mexico,jcb,Bislama,Universidad Intercontinental
126,Natka,2009,Mexico,americanexpress,Tamil,Universidad Franciscana de México
127,Mercie,2004,Mexico,switch,Filipino,Universidad Autónoma Metropolitana - Iztapalapa
128,Tiffanie,2011,Mexico,jcb,Korean,Universidad de las Américas - Puebla
129,Clifford,1997,Mexico,americanexpress,Ndebele,Universidad Mexicana del Noreste
130,Omero,2006,Mexico,jcb,Chinese,Instituto Tecnológico de Sonora
131,Leonerd,1992,Mexico,visa-electron,Catalan,Universidad Autónoma de Nayarit
132,Flore,2002,Mexico,diners-club-carte-blanche,Danish,CETYS Universidad
133,Indira,2011,Mexico,bankcard,Khmer,Universidad Autónoma de Zacatecas
134,Rik,1999,Mexico,visa-electron,Albanian,Universidad Autónoma de Coahuila
135,Maurene,2004,Mexico,jcb,Thai,"Universidad Pedagógica Nacional, Unidad León"
136,Wayne,2000,Mexico,visa,Papiamento,Universidad México Americana del Norte
137,Liv,1998,Mexico,mastercard,Lao,Universidad Mesoamericana de San Agustín
138,Bart,1995,Mexico,visa,Tsonga,Universidad del Valle de Toluca
139,Aubry,1995,Mexico,mastercard,Polish,Universidad de San Miguel
140,Casey,2007,Mexico,jcb,Kannada,Universidad Mexicana
141,Giacopo,1993,Mexico,diners-club-international,Swedish,Instituto Tecnologico de Minatitlan
142,Batholomew,1988,Mexico,jcb,Arabic,Universidad Autónoma de Fresnillo
143,Debby,2013,Mexico,jcb,Moldovan,Dirección General de Institutos Tecnológicos
144,Estel,1990,Mexico,jcb,Afrikaans,Universidad Cientifica Latinoamericana de Hidalgo
145,Ansell,2000,Mexico,jcb,Belarusian,Universidad del Valle de México
146,Alyce,1984,Mexico,visa-electron,Hindi,Universidad Autónoma de Chapingo
147,Caterina,2001,Mexico,jcb,Tsonga,Universidad Pedagógica Nacional
148,Giacobo,1992,Mexico,jcb,Japanese,Universidad Olmeca
149,Luz,2002,Mexico,mastercard,Icelandic,Universidad de Norteamerica
150,Aubrey,1997,Mexico,jcb,Gujarati,Universidad Juárez del Estado de Durango
151,Nathaniel,1991,Mexico,jcb,Telugu,Universidad de las Américas - Puebla
152,Didi,2008,Mexico,laser,Dutch,Universidad Intercontinental
153,Dominique,1993,Mexico,americanexpress,Chinese,Universidad Autónoma de Querétaro
154,Worth,2006,Mexico,jcb,Bulgarian,Politécnico de Guanajuato
155,Nicol,1994,Mexico,switch,Lithuanian,Universidad Franciscana de México
156,Hilarius,2005,Mexico,china-unionpay,Ndebele,Universidad Regional del Sureste
157,Konstance,2009,Mexico,jcb,Swedish,Universidad Autónoma de la Laguna
158,Marj,2008,Mexico,diners-club-carte-blanche,West Frisian,Universidad Regional Miguel Hidalgo
159,Hannah,2002,Mexico,diners-club-carte-blanche,Danish,Universidad Panamericana
160,Leelah,1998,Mexico,switch,Tetum,Universidad de Sonora
161,Chanda,1998,Mexico,jcb,Kannada,Universidad Franco-Mexicana
162,Cheston,2011,Mexico,jcb,Armenian,Universidad Autónoma de Campeche
163,Alick,1999,Mexico,jcb,New Zealand Sign Language,Westhill University
164,Joshuah,2002,Mexico,diners-club-carte-blanche,Thai,Universidad Autónoma de Veracruz Villa Rica
165,Marion,2003,Mexico,jcb,Tsonga,Universidad de San Miguel
166,Rozelle,2003,Mexico,jcb,Kurdish,Universidad de la Sierra A.C.
167,Ronni,1996,Mexico,americanexpress,Lithuanian,Universidad Kino
168,Frank,2009,Mexico,switch,Icelandic,Universidad del Centro de México
169,Stevie,1992,Mexico,visa-electron,Papiamento,Universidad Madero
170,Jedidiah,2012,Mexico,mastercard,Tsonga,Universidad del Valle de México
171,Amity,2007,Mexico,jcb,Belarusian,Universidad Autónoma de la Ciudad de México
172,Miriam,2009,Mexico,jcb,Malagasy,Instituto Tecnológico de San Luis Potosí
173,Coraline,2003,Mexico,jcb,Bulgarian,Universidad Autónoma Metropolitana - Xochimilco
174,Freemon,1958,Mexico,jcb,Arabic,Universidad de Hermosillo
175,Witty,1999,Mexico,mastercard,Indonesian,Universidad Autónoma de la Laguna
176,Aila,2006,Mexico,jcb,Malay,Universidad Autónoma Metropolitana - Xochimilco
177,Ive,1962,Mexico,jcb,Moldovan,Universidad del Valle de México
178,Bentley,2006,Mexico,solo,Dari,Universidad Autónoma de Guadalajara
179,Darrel,1992,Mexico,visa-electron,Yiddish,Universidad Anáhuac del Sur
180,Marion,1989,Mexico,jcb,Gujarati,Universidad del Valle de México
181,Rozalie,2010,Mexico,switch,Bislama,Universidad de Norteamerica
182,Sandy,2008,Mexico,jcb,Estonian,Universidad Autónoma de Querétaro
183,Maura,1992,Mexico,diners-club-carte-blanche,Swahili,Universidad de Ciencias y Artes de Chiapas
184,Lana,2011,Mexico,jcb,Afrikaans,Universidad Tecnologica de Nezahualcoyotl
185,Derby,2004,Mexico,jcb,Swedish,Universidad Cuauhtémoc
186,Hakeem,2007,Mexico,china-unionpay,Norwegian,Universidad Anáhuac del Sur
187,Cassi,2011,Mexico,bankcard,Swahili,Universidad Kino
188,Marlie,2008,Mexico,maestro,Albanian,Universidad Autónoma de Zacatecas
189,Dana,1994,Mexico,mastercard,Khmer,Universidad del Centro de México
190,Saudra,2006,Mexico,instapayment,Estonian,Universidad Autonoma  de Durango
191,Granny,2007,Mexico,maestro,Azeri,Universidad Simón Bolivar
192,Walker,2010,Mexico,maestro,Hiri Motu,Universidad Autónoma de Aguascalientes
193,Gail,1998,Mexico,mastercard,Hiri Motu,Westhill University
194,Corena,1999,Mexico,mastercard,Luxembourgish,Universidad de Occidente
195,Georgena,2012,Mexico,instapayment,Hebrew,Universidad Metropolitana de Monterrey
196,Essy,2003,Mexico,jcb,Luxembourgish,Universidad Valle del Grijalva
197,Tawsha,1989,Mexico,jcb,English,Universidad Intercontinental
198,Dyane,1989,Mexico,mastercard,Latvian,Universidad Autónoma de San Luis Potosí
199,Tally,1994,Mexico,maestro,Lao,Universidad Autónoma de Coahuila
200,Stacee,2006,Mexico,jcb,Bulgarian,Universidad Lasallista Benavente
201,Davey,2010,Mexico,jcb,Arabic,Universidad Iberoamericana
202,Ivette,1985,Mexico,jcb,Catalan,Universidad de Sonora
203,Elyssa,2002,Mexico,mastercard,Dari,Instituto Tecnológico de León
204,Hewet,2010,Mexico,jcb,Tetum,Universidad del Noroeste
205,Rahel,2003,Mexico,jcb,Greek,Centro de Enseñanza Técnica Industrial
206,Teodoor,2007,Mexico,jcb,Dutch,Universidad La Salle
207,Helga,1994,Mexico,jcb,Gagauz,Universidad del Noreste
208,Torin,1998,Mexico,jcb,Polish,Universidad Motolinía del Pedregal
209,Kim,1998,Mexico,jcb,Tamil,Universidad México Internacional
210,Courtney,1968,Mexico,instapayment,Korean,Universidad Regiomontana
211,Ilario,2000,Mexico,switch,Lithuanian,Instituto Tecnológico de Aguascalientes
212,Alastair,1984,Mexico,jcb,Azeri,Universidad Valle del Grijalva
213,Karol,1994,Mexico,mastercard,Sotho,Instituto Tecnológico de Morelia
214,Issie,2003,Mexico,jcb,Greek,Universidad Mexicana del Noreste
215,Killian,1989,Mexico,jcb,Persian,Westhill University
216,Walliw,2007,Mexico,china-unionpay,Gujarati,Universidad del Valle de Puebla
217,Lana,1996,Mexico,mastercard,Mongolian,Universidad del Mayab
218,Lissie,2012,Mexico,laser,Gujarati,Universidad Pedagógica Veracruzana
219,Rasla,2003,Mexico,laser,Bulgarian,Universidad Kino
220,Stavros,1999,Mexico,jcb,English,Politécnico de Guanajuato
221,Teodora,1999,Mexico,laser,Armenian,"Universidad Iberoamericana, Campus León"
222,Nico,1994,Mexico,jcb,English,Escuela Nacional de Estudios Superiores Unidad León
223,Anastasia,2001,Mexico,jcb,Hiri Motu,Universidad del Norte
224,Alec,2003,Mexico,instapayment,Kashmiri,Universidad Regional Miguel Hidalgo
225,Etta,1987,Mexico,switch,Quechua,Instituto Tecnológico de Querétaro
226,Nathalie,1996,Mexico,mastercard,Tsonga,Universidad del Valle de Toluca
227,Windham,1992,Mexico,jcb,Dari,Instituto Tecnológico de Sonora
228,Evangeline,2008,Mexico,visa,French,Universidad Autónoma de Tamaulipas
229,Ailey,2008,Mexico,visa-electron,Kashmiri,Universidad del Valle del Bravo
230,Linus,2009,Mexico,jcb,Romanian,Universidad Autónoma de Baja California
231,Vally,2010,Mexico,jcb,Malay,Universidad del Noreste
232,Tani,1989,Mexico,jcb,Dutch,Escuela Nacional de Estudios Superiores Unidad León
233,Eddi,1997,Mexico,jcb,Kurdish,Universidad Cristóbal Colón
234,Ruperta,1999,Mexico,jcb,Northern Sotho,Instituto Tecnológico de Celaya
235,Barty,2007,Mexico,instapayment,Greek,Universidad Autónoma de Nayarit
236,Mamie,2002,Mexico,jcb,Kashmiri,Universidad Xicotepetl
237,Fayette,1997,Mexico,diners-club-enroute,Mongolian,Universidad Autónoma de Fresnillo
238,Ruthe,2009,Mexico,jcb,Dhivehi,Universidad Autónoma de Chapingo
239,Anna,2011,Mexico,diners-club-carte-blanche,Bulgarian,Universidad Lasallista Benavente
240,Lauree,2001,Mexico,jcb,Albanian,Universidad Champagnat
241,Sonnie,1992,Mexico,bankcard,Danish,Universidad la Concordia
242,Carce,1985,Mexico,diners-club-carte-blanche,Maltese,Universidad Madero
243,Claybourne,2004,Mexico,maestro,Māori,Universidad Autónoma Metropolitana - Iztapalapa
244,Jennifer,2005,Mexico,bankcard,Tok Pisin,Universidad Autónoma Metropolitana - Azcapotzalco
245,Stacia,2005,Mexico,jcb,Portuguese,Universidad Lasallista Benavente
246,Lavinia,1990,Mexico,jcb,Dari,Universidad Autónoma Metropolitana - Azcapotzalco
247,Justinian,2003,Mexico,diners-club-carte-blanche,Khmer,Universidad del Mayab
248,Vivien,2005,Mexico,mastercard,Papiamento,Universidad Cuauhtémoc
249,Vivia,1995,Mexico,diners-club-carte-blanche,Spanish,Universidad Regiomontana
250,Biron,1996,Mexico,jcb,Dari,Universidad Autónoma de la Ciudad de México
251,Guglielmo,2008,Mexico,visa-electron,English,Escuela Bancaria y Comercial
252,Tana,2011,Mexico,jcb,Icelandic,Instituto de Estudios Superiores de la Sierra
253,Caryn,2002,Mexico,jcb,Tetum,Universidad Madero
254,Godiva,2009,Mexico,diners-club-us-ca,Moldovan,Universidad de Hermosillo
255,Errol,2011,Mexico,jcb,Malagasy,Universidad Metropolitana Latin Campus
256,Budd,2011,Mexico,mastercard,Armenian,Universidad del Valle de Toluca
257,Ramon,1992,Mexico,laser,Ndebele,Universidad Autónoma de la Laguna
258,Marc,2006,Mexico,jcb,Belarusian,Universidad Autónoma de Sinaloa
259,Rene,1998,Mexico,china-unionpay,Oriya,Universidad Autonoma  de Durango
260,Mufi,1995,Mexico,jcb,Haitian Creole,Universidad Intercontinental
261,Gaynor,1988,Mexico,americanexpress,Tamil,Instituto de Estudios Superiores de la Sierra
262,Nathanael,2009,Mexico,jcb,Burmese,Universidad Autónoma de Nayarit
263,Allene,2005,Mexico,jcb,Mongolian,Universidad Tecnológica de México
264,Pandora,2008,Mexico,visa,Arabic,Universidad Nacional Autónoma de México
265,Rosanne,1999,Mexico,diners-club-carte-blanche,Northern Sotho,Universidad España de Durango
266,Elianore,1995,Mexico,jcb,Marathi,Universidad Itaca
267,Minta,2008,Mexico,visa-electron,French,CETYS Universidad
268,Abie,1976,Mexico,jcb,Assamese,Universidad del Centro de México
269,Ronnica,1998,Mexico,jcb,Dzongkha,Politécnico de Guanajuato
270,Rutger,2007,Mexico,bankcard,Gagauz,Universidad de Guanajuato
271,Suzy,1998,Mexico,jcb,Afrikaans,Universidad Metropolitana Latin Campus
272,Janifer,2006,Mexico,switch,Afrikaans,Universidad Madero
273,Lamond,2007,Mexico,mastercard,New Zealand Sign Language,Universidad Cristóbal Colón
274,Butch,1992,Mexico,americanexpress,French,Universidad de Guanajuato
275,Shantee,2001,Mexico,china-unionpay,French,Universidad del Noreste
276,Kelwin,1988,Mexico,switch,Northern Sotho,Universidad de Guadalajara
277,Hernando,2003,Mexico,jcb,Amharic,Universidad España de Durango
278,Everett,1998,Mexico,diners-club-enroute,Swahili,Universidad Autónoma de Zacatecas
279,Matthias,1998,Mexico,jcb,Papiamento,Universidad Autónoma del Estado de Hidalgo
280,Iorgo,2001,Mexico,maestro,Marathi,Universidad Nacional Autónoma de México
281,Rorie,1987,Mexico,diners-club-enroute,Zulu,Universidad del Valle de México
282,Selene,2009,Mexico,maestro,Kannada,Universidad de Guadalajara
283,Brittan,2004,Mexico,jcb,German,"Tecnologico de Baja California, Universidad"
284,Syman,1997,Mexico,jcb,Māori,Universidad Champagnat
285,Caterina,2006,Mexico,bankcard,Croatian,Universidad de Hermosillo
286,Katy,2006,Mexico,visa-electron,Armenian,Universidad Regional Miguel Hidalgo
287,Deerdre,1995,Mexico,visa,Hebrew,Universidad Anáhuac
288,Wolfgang,2011,Mexico,mastercard,Haitian Creole,Universidad Franco-Mexicana
289,Willi,2008,Mexico,visa,Azeri,Instituto Politécnico Nacional
290,Heall,1996,Mexico,bankcard,Macedonian,Universidad de Monterrey
291,Terrijo,1967,Mexico,jcb,Hindi,Universidad Autónoma de Guadalajara
292,Corbin,1997,Mexico,jcb,Lao,Instituto Tecnologico de Minatitlan
293,Daffy,2009,Mexico,maestro,Belarusian,Instituto Tecnológico de Sonora
294,Lauree,1993,Mexico,solo,English,Universidad del Centro de México
295,Sammy,1998,Mexico,visa-electron,German,Universidad de Monterrey
296,Alvan,2011,Mexico,diners-club-carte-blanche,Yiddish,Universidad del Valle de Atemajac
297,Cristi,2012,Mexico,china-unionpay,Marathi,Centro de Estudios Universitarios Xochicalco
298,Sollie,2010,Mexico,visa,Estonian,Universidad Autónoma de Baja California Sur
299,Jaine,1999,Mexico,mastercard,Punjabi,Universidad Obrera de Mexico
300,Marianne,2006,Mexico,jcb,Icelandic,Universidad Autónoma Metropolitana - Azcapotzalco
301,Pearl,1992,Mexico,maestro,Bislama,Universidad Fray Luca Paccioli
302,Reynolds,2006,Mexico,mastercard,Armenian,Escuela Nacional de Estudios Superiores Unidad León
303,Thorsten,1994,Mexico,diners-club-enroute,Lao,Dirección General de Institutos Tecnológicos
304,Phineas,1994,Mexico,jcb,Thai,Universidad Jóse Vasconcelos
305,Kellsie,1995,Mexico,jcb,Norwegian,Universidad Autónoma de Aguascalientes
306,Ruth,2001,Mexico,jcb,Khmer,Universidad Autónoma de San Luis Potosí
307,Ardelle,2005,Mexico,china-unionpay,Spanish,Instituto Tecnológico de Aguascalientes
308,Denys,1996,Mexico,americanexpress,Telugu,Universidad Nuevo Mundo
309,Bryon,1999,Mexico,maestro,Albanian,Universidad Valle del Grijalva
310,Filberto,2012,Mexico,laser,Persian,Universidad Autónoma del Estado de Hidalgo
311,Zora,2004,Mexico,diners-club-us-ca,English,Universidad Veracruzana
312,Georas,2010,Mexico,visa-electron,Belarusian,El Colegio de México
313,Allard,2007,Mexico,jcb,Swahili,Universidad Regiomontana
314,Noell,2007,Mexico,americanexpress,Tajik,"Universidad Iberoamericana, Campus León"
315,Nate,1995,Mexico,jcb,Norwegian,Universidad Autónoma de Veracruz Villa Rica
316,Theodora,1989,Mexico,jcb,Albanian,Universidad de Norteamerica
317,Osborne,1998,Mexico,maestro,Afrikaans,Universidad Autónoma del Carmen
318,Sheridan,1992,Mexico,jcb,Tajik,Universidad Cristóbal Colón
319,Franciska,1992,Mexico,visa,Indonesian,Universidad Tecnologica de la Mixteca
320,Emera,1995,Mexico,jcb,Hiri Motu,Universidad Nacional Autónoma de México
321,Carma,2009,Mexico,jcb,Malagasy,Universidad Justo Sierra
322,Dru,1991,Mexico,jcb,Armenian,Instituto Tecnológico de Aguascalientes
323,Olivier,2008,Mexico,diners-club-carte-blanche,Dari,Universidad de Colima
324,Owen,1995,Mexico,mastercard,Moldovan,Universidad Mexicana del Noreste
325,Karolina,2005,Mexico,mastercard,Sotho,Universidad de León
326,Goldarina,2006,Mexico,jcb,Hindi,Universidad Autonoma España de Durango
327,Marlin,2008,Mexico,diners-club-enroute,Tamil,Universidad del Mayab
328,Tristam,2001,Mexico,jcb,Japanese,Universidad Panamericana
329,Patsy,2011,Mexico,mastercard,Luxembourgish,Universidad Anáhuac
330,Rhys,2008,Mexico,jcb,Lao,Universidad Latina
331,Renata,2005,Mexico,jcb,French,Universidad del Bajío
332,Brynna,1992,Mexico,jcb,Hiri Motu,"Universidad de Guanajuato, Campus León"
333,Klarika,2000,Mexico,diners-club-carte-blanche,Norwegian,Universidad Nacional Autónoma de México
334,Carling,1997,Mexico,mastercard,Albanian,Instituto Tecnológico de San Luis Potosí
335,Jacklin,2010,Mexico,jcb,Aymara,Universidad México Internacional
336,Sly,2004,Mexico,jcb,Zulu,Universidad de Guadalajara
337,Craig,2001,Mexico,jcb,Malayalam,Universidad Valle del Grijalva
338,Flory,2007,Mexico,jcb,Burmese,Universidad de Cuautitlan Izcalli
339,Bev,2012,Mexico,diners-club-carte-blanche,Guaraní,Universidad Autónoma de Sinaloa
340,Dorelia,2008,Mexico,jcb,Kyrgyz,Instituto Tecnológico de San Luis Potosí
341,Cory,2010,Mexico,visa-electron,Croatian,Universidad Anáhuac del Sur
342,Astrid,2006,Mexico,jcb,Dzongkha,Universidad La Salle
343,Lanette,1996,Mexico,mastercard,Bosnian,Westhill University
344,Viva,2001,Mexico,diners-club-carte-blanche,Portuguese,Universidad Franco-Mexicana
345,Stevie,1997,Mexico,diners-club-enroute,Arabic,Universidad Latina
346,Wren,2010,Mexico,diners-club-enroute,Macedonian,Instituto Tecnologico de Durango
347,Sigismond,2006,Mexico,visa-electron,Croatian,Escuela Bancaria y Comercial
348,Reeta,1999,Mexico,jcb,Tajik,Universidad de Montemorelos
349,Fae,2007,Mexico,diners-club-carte-blanche,Norwegian,Universidad de Colima
350,Amble,2002,Mexico,jcb,Fijian,Universidad Autónoma de Tlaxcala
351,Cammy,2012,Mexico,jcb,Moldovan,Universidad Veracruzana
352,Isabel,2005,Mexico,laser,Moldovan,El Colegio de México
353,Alex,2007,Mexico,laser,Thai,Universidad Autónoma de Coahuila
354,Genovera,1995,Mexico,visa,Marathi,Instituto Tecnológico de Sonora
355,Esra,1998,Mexico,bankcard,Dhivehi,Universidad Autónoma de Nuevo León
356,Karolina,2000,Mexico,jcb,New Zealand Sign Language,Universidad Autónoma del Estado de Hidalgo
357,Josi,2004,Mexico,jcb,Lao,Westhill University
358,Ravi,2001,Mexico,laser,Malagasy,Universidad Franco-Mexicana
359,Daisey,2002,Mexico,jcb,Bengali,Universidad Regiomontana
360,Ardenia,2002,Mexico,diners-club-carte-blanche,Malayalam,Universidad de León
361,Klarrisa,2006,Mexico,maestro,Malayalam,Universidad del Noroeste
362,Nicolas,2002,Mexico,diners-club-carte-blanche,Swedish,Universidad la Concordia
363,Sharyl,2009,Mexico,jcb,Bulgarian,Universidad Autónoma de Querétaro
364,Montgomery,1994,Mexico,diners-club-carte-blanche,Spanish,Instituto Tecnológico Autonómo de México
365,Emeline,1988,Mexico,maestro,Dzongkha,Universidad Autonoma  de Durango
366,Early,2002,Mexico,jcb,Chinese,Universidad de Ciencias y Artes de Chiapas
367,Avie,2011,Mexico,switch,Italian,Universidad Autónoma Metropolitana - Iztapalapa
368,Mariann,1994,Mexico,diners-club-carte-blanche,Oriya,Instituto Tecnológico de León
369,Queenie,2005,Mexico,jcb,Oriya,Universidad del Valle de Toluca
370,Camellia,2003,Mexico,diners-club-carte-blanche,West Frisian,Universidad de Comunicación Avanzada
371,Cyndie,2001,Mexico,jcb,Tajik,Universidad del Valle de Atemajac
372,Edward,2004,Mexico,jcb,Bulgarian,Universidad Justo Sierra
373,Forrest,1991,Mexico,jcb,Dutch,Universidad Motolinía del Pedregal
374,Rollo,1998,Mexico,bankcard,Burmese,"Universidad Iberoamericana, Campus León"
375,Faustine,1992,Mexico,jcb,Punjabi,Universidad Regional Miguel Hidalgo
376,Allyn,2012,Mexico,solo,Dutch,Universidad de Celaya
377,Netty,1993,Mexico,jcb,Tamil,Universidad del Bajío
378,Whittaker,2010,Mexico,jcb,Ndebele,Universidad Mexicana del Noreste
379,Tandi,2004,Mexico,diners-club-enroute,Kashmiri,Universidad Autónoma del Estado de Hidalgo
380,Mord,1993,Mexico,bankcard,Dutch,Universidad del Valle del Bravo
381,Constantia,1994,Mexico,diners-club-carte-blanche,Montenegrin,Universidad Autónoma de Yucatán
382,Kirsten,1987,Mexico,jcb,Dhivehi,Universidad de Hermosillo
383,Temp,1996,Mexico,diners-club-carte-blanche,Filipino,"Universidad de La Salle, Bajío"
384,Georgette,1995,Mexico,diners-club-enroute,Somali,Universidad del Tepeyac
385,Calvin,1985,Mexico,bankcard,Latvian,Centro de Estudios Universitarios Xochicalco
386,Angie,1998,Mexico,diners-club-enroute,Sotho,Universidad Autónoma de Baja California Sur
387,Diane-marie,1993,Mexico,bankcard,Danish,Universidad Popular Autonóma del Estado de Puebla
388,Jeffry,1994,Mexico,jcb,Hiri Motu,Instituto Tecnológico de Aguascalientes
389,Oralie,2006,Mexico,diners-club-carte-blanche,Punjabi,Politécnico de Guanajuato
390,Willy,1997,Mexico,visa,Malagasy,Universidad de las Américas - Puebla
391,Mac,1967,Mexico,diners-club-enroute,German,Centro de Enseñanza Técnica Industrial
392,Alberta,1997,Mexico,jcb,Portuguese,Universidad Autónoma de Chapingo
393,Collette,2010,Mexico,jcb,Khmer,Instituto Tecnológico de Morelia
394,Gill,2013,Mexico,mastercard,Bulgarian,Universidad Latinoamericana
395,Stanleigh,2010,Mexico,jcb,Fijian,Universidad Franciscana de México
396,Valentin,1984,Mexico,jcb,Dutch,Instituto Tecnológico de Querétaro
397,Enos,1995,Mexico,mastercard,Telugu,Universidad la Concordia
398,Erny,2010,Mexico,china-unionpay,Thai,Universidad Autónoma de Guadalajara
399,Lizette,2009,Mexico,diners-club-enroute,Gujarati,Universidad Autónoma de Coahuila
400,Mohandas,2002,Mexico,jcb,Macedonian,Universidad Fray Luca Paccioli
401,Mel,1999,Mexico,diners-club-carte-blanche,Czech,Universidad Franciscana de México
402,Aura,2007,Mexico,instapayment,Polish,Universidad Autónoma de Tlaxcala
403,Floyd,1992,Mexico,jcb,Hiri Motu,CETYS Universidad
404,Damita,1999,Mexico,maestro,Polish,Universidad Don Vasco
405,Dwain,2010,Mexico,visa-electron,Aymara,Universidad Autónoma del Noreste
406,Toby,2004,Mexico,visa-electron,Malayalam,Universidad Cuauhtémoc
407,Eliot,1989,Mexico,laser,Gagauz,Universidad de Norteamerica
408,Ezra,1993,Mexico,jcb,Lao,Universidad del Mar
409,Margot,1984,Mexico,switch,Bislama,Universidad del Valle de Puebla
410,Jacenta,2009,Mexico,maestro,English,Universidad del Valle del Bravo
411,Frasco,2001,Mexico,solo,Montenegrin,Universidad de Norteamerica
412,Miof mela,1998,Mexico,jcb,Dhivehi,"Universidad de Guanajuato, Campus León"
413,Courtney,1988,Mexico,visa-electron,Gagauz,Universidad Autónoma Metropolitana - Iztapalapa
414,Vladimir,1993,Mexico,mastercard,Punjabi,Instituto Tecnológico de Sonora
415,Natalina,2004,Mexico,maestro,Portuguese,Universidad Latinoamericana
416,Hashim,1997,Mexico,jcb,Papiamento,Universidad del Valle de México
417,Nady,2003,Mexico,solo,Romanian,Universidad Cristóbal Colón
418,Husain,1999,Mexico,visa-electron,Moldovan,Universidad de las Américas - Puebla
419,Rudolf,2008,Mexico,jcb,Fijian,Universidad Champagnat
420,Mair,2001,Mexico,visa-electron,Mongolian,Universidad Kino
421,Rodina,1991,Mexico,jcb,Tajik,"Instituto Politécnico Nacional, Campus Guanajuato"
422,Lauretta,2008,Mexico,jcb,Tswana,Universidad Tecnologica de la Mixteca
423,Haze,1997,Mexico,diners-club-enroute,Hungarian,Universidad del Valle de México
424,Cass,2003,Mexico,jcb,Tswana,Instituto Tecnológico de San Luis Potosí
425,Aube,2001,Mexico,diners-club-us-ca,Latvian,Universidad Mexicana
426,Donavon,1995,Mexico,diners-club-us-ca,Yiddish,Universidad Autónoma de Nayarit
427,Wilona,2006,Mexico,jcb,Tok Pisin,Universidad Autónoma de Nayarit
428,Lance,1998,Mexico,jcb,Hindi,Universidad de Guanajuato
429,Dusty,2000,Mexico,visa-electron,Maltese,Instituto Tecnológico Autonómo de México
430,Valdemar,2008,Mexico,jcb,Afrikaans,Universidad de Sonora
431,Terrill,1999,Mexico,jcb,Greek,Benemerita Universidad Autónoma de Puebla
432,Stacia,1986,Mexico,jcb,Swati,El Colegio de México
433,Sheffy,1994,Mexico,maestro,Khmer,Universidad de Monterrey
434,Iosep,1997,Mexico,mastercard,Oriya,Escuela Nacional de Estudios Superiores Unidad León
435,Harlan,2005,Mexico,bankcard,Tetum,Universidad de Colima
436,Darn,1993,Mexico,diners-club-enroute,Maltese,Universidad de León
437,Stanfield,1994,Mexico,visa-electron,Somali,Universidad Autónoma de Fresnillo
438,Demetre,2005,Mexico,visa,Khmer,"Universidad Autónoma Agraria ""Antonio Narro"""
439,Tierney,2010,Mexico,jcb,Norwegian,Universidad de Comunicación Avanzada
440,Cheryl,2011,Mexico,mastercard,Northern Sotho,Universidad Autónoma del Carmen
441,Orrin,1994,Mexico,mastercard,Lithuanian,Universidad Cristóbal Colón
442,Gelya,1988,Mexico,jcb,Amharic,Universidad España de Durango
443,Marissa,1992,Mexico,mastercard,Polish,"Universidad Iberoamericana, Campus León"
444,Britta,2008,Mexico,jcb,Papiamento,Universidad Autónoma de Querétaro
445,Jackelyn,1992,Mexico,jcb,Hebrew,Instituto de Estudios Superiores de la Sierra
446,Willa,2008,Mexico,diners-club-carte-blanche,Guaraní,Universidad Motolinía del Pedregal
447,Alexia,2006,Mexico,maestro,Greek,Instituto Tecnológico de Aguascalientes
448,Lemuel,2008,Mexico,mastercard,Northern Sotho,Centro de Estudios Universitarios Xochicalco
449,Amabelle,2009,Mexico,solo,Pashto,Universidad de Guadalajara
450,Celeste,1998,Mexico,china-unionpay,Nepali,Universidad Autónoma de Chiapas
451,Nels,1995,Mexico,bankcard,Azeri,Universidad del Noreste
452,Berke,1998,Mexico,visa-electron,West Frisian,Universidad Mexicana
453,Gothart,1995,Mexico,solo,Icelandic,Universidad Cristóbal Colón
454,Wren,2007,Mexico,mastercard,Somali,Universidad Tecnológica de México
455,Cristen,1992,Mexico,jcb,Moldovan,Universidad Michoacana de San Nicolás de Hidalgo
456,Addi,1995,Mexico,bankcard,Czech,"Universidad de Guanajuato, Campus León"
457,Manny,1998,Mexico,bankcard,Arabic,Universidad Cristóbal Colón
458,Marcellus,1994,Mexico,americanexpress,Zulu,Universidad del Valle de Puebla
459,Drake,2010,Mexico,visa-electron,Spanish,Instituto Tecnológico de León
460,Kylynn,2009,Mexico,maestro,Marathi,Universidad de León
461,Adara,1993,Mexico,instapayment,Bengali,Universidad de Celaya
462,Hewie,1990,Mexico,jcb,Indonesian,Universidad Iberoamericana
463,Shirlee,2012,Mexico,jcb,Zulu,Universidad del Centro de México
464,Torre,2006,Mexico,switch,Montenegrin,Universidad Autónoma de Yucatán
465,Clarke,1994,Mexico,mastercard,Kashmiri,Universidad Valle del Grijalva
466,Ebony,1985,Mexico,mastercard,Korean,Universidad Nacional Autónoma de México
467,Sal,2006,Mexico,americanexpress,Moldovan,Instituto Tecnologico de Minatitlan
468,Randie,1993,Mexico,jcb,Catalan,Universidad España de Durango
469,Drusie,2009,Mexico,instapayment,Swahili,Universidad Autónoma de Zacatecas
470,Darrell,1988,Mexico,americanexpress,Haitian Creole,El Colegio de México
471,Ellynn,1996,Mexico,mastercard,Bislama,Universidad Autonoma  de Durango
472,Dorree,1993,Mexico,bankcard,Gujarati,Universidad Motolinía del Pedregal
473,Rees,1997,Mexico,diners-club-carte-blanche,Zulu,Universidad de Comunicación Avanzada
474,Melisa,2005,Mexico,mastercard,Persian,Universidad del Noreste
475,Adolf,2009,Mexico,americanexpress,Macedonian,Universidad del Valle de Atemajac
476,Debora,2010,Mexico,jcb,Zulu,Universidad Autónoma Metropolitana
477,Lynnet,1994,Mexico,jcb,Aymara,Universidad Metropolitana de Monterrey
478,Dorelia,2008,Mexico,jcb,Ndebele,Universidad Autónoma Metropolitana - Xochimilco
479,Alberik,1994,Mexico,jcb,Moldovan,Universidad Iberoamericana
480,Zea,2003,Mexico,jcb,Malay,Universidad de Cuautitlan Izcalli
481,Gillan,1989,Mexico,bankcard,Burmese,Benemerita Universidad Autónoma de Puebla
482,Lyn,2006,Mexico,mastercard,Bulgarian,Universidad de León
483,Eziechiele,1985,Mexico,jcb,Quechua,Universidad de las Américas - Puebla
484,Lanae,1979,Mexico,diners-club-carte-blanche,Irish Gaelic,Universidad Chapultepéc
485,Charlotta,2005,Mexico,jcb,Mongolian,Instituto Tecnológico y de Estudios Superiores de Occidente
486,Aimil,1997,Mexico,jcb,Spanish,Universidad Autónoma de Zacatecas
487,Kaleena,2008,Mexico,jcb,Zulu,Universidad de León
488,Cecily,1986,Mexico,switch,Irish Gaelic,Universidad España de Durango
489,Patric,2004,Mexico,jcb,Romanian,Universidad Cuauhtémoc
490,George,2005,Mexico,jcb,Fijian,Universidad Chapultepéc
491,Aurelie,1998,Mexico,jcb,Tamil,Universidad de Cuautitlan Izcalli
492,Bren,2004,Mexico,instapayment,Punjabi,Universidad del Valle de Puebla
493,Camey,2001,Mexico,jcb,Papiamento,Universidad Autónoma de Nuevo León
494,Cad,2008,Mexico,jcb,Albanian,Universidad Autónoma de Fresnillo
495,Clerkclaude,2007,Mexico,mastercard,Armenian,"Universidad de La Salle, Bajío"
496,Rebe,2011,Mexico,jcb,Burmese,Universidad del Tepeyac
497,Omero,2008,Mexico,jcb,Norwegian,Universidad Intercontinental
498,Waverley,2012,Mexico,mastercard,Icelandic,Instituto Tecnologico de Minatitlan
499,Jemimah,1985,Mexico,jcb,Haitian Creole,Universidad Cientifica Latinoamericana de Hidalgo
500,Shelden,1988,Mexico,laser,Nepali,Universidad del Valle de Toluca
501,Odelia,2012,Mexico,jcb,Assamese,Instituto Tecnologico de Minatitlan
502,Elvera,1996,Mexico,jcb,Pashto,Universidad Autónoma de la Ciudad de México
503,Andriette,1998,Mexico,jcb,Tswana,Universidad Mesoamericana de San Agustín
504,Maureen,2012,Mexico,mastercard,Kazakh,Politécnico de Guanajuato
505,Leonie,2005,Mexico,maestro,Pashto,Instituto Tecnológico Autonómo de México
506,Nannette,1993,Mexico,jcb,Swahili,Universidad México Americana del Norte
507,Pip,2002,Mexico,jcb,Arabic,"Universidad Autónoma Agraria ""Antonio Narro"""
508,Emlynn,1998,Mexico,jcb,Ndebele,"Tecnologico de Baja California, Universidad"
509,Bethina,1994,Mexico,mastercard,Japanese,Universidad Veracruzana
510,Sebastien,2012,Mexico,jcb,Kashmiri,Universidad del Tepeyac
511,Parsifal,1997,Mexico,diners-club-enroute,Tamil,Universidad la Concordia
512,Chiarra,1987,Mexico,diners-club-carte-blanche,Tamil,Universidad Tecnológica de México
513,West,1992,Mexico,bankcard,Norwegian,Universidad Latinoamericana
514,Karalynn,2012,Mexico,jcb,Papiamento,Universidad Hispanoamericana
515,Larissa,2012,Mexico,china-unionpay,Filipino,Universidad Franco-Mexicana
516,Rahal,2011,Mexico,mastercard,Dutch,Universidad Autónoma de Tamaulipas
517,Silvan,1986,Mexico,laser,Telugu,"Instituto Politécnico Nacional, Campus Guanajuato"
518,Valaria,2005,Mexico,maestro,Japanese,El Colegio de México
519,Barret,1976,Mexico,mastercard,Portuguese,Universidad de Norteamerica
520,Brandice,2011,Mexico,jcb,Gagauz,Instituto Politécnico Nacional
521,Farris,2010,Mexico,jcb,Ndebele,Universidad Autónoma del Carmen
522,Jaymie,2006,Mexico,jcb,Kannada,Universidad Tecnologica de Nezahualcoyotl
523,Larisa,1989,Mexico,americanexpress,Māori,Universidad Tecnologica de la Mixteca
524,Elwira,2010,Mexico,jcb,Tajik,Universidad Mesoamericana de San Agustín
525,Des,1985,Mexico,mastercard,Nepali,Instituto Politécnico Nacional
526,Bond,1996,Mexico,mastercard,Kyrgyz,Universidad Mexicana del Noreste
527,Consolata,1998,Mexico,diners-club-carte-blanche,Catalan,Universidad Tecnologica de Nezahualcoyotl
528,Genia,2010,Mexico,maestro,Swati,Instituto Tecnológico de León
529,Ryun,2006,Mexico,diners-club-carte-blanche,Swahili,Universidad de Ciencias y Artes de Chiapas
530,Gardener,2003,Mexico,jcb,Bosnian,El Colegio de México
531,Evanne,2012,Mexico,bankcard,Maltese,Universidad Mexicana del Noreste
532,Isaiah,1999,Mexico,diners-club-us-ca,Oriya,Universidad Nuevo Mundo
533,Lisette,1993,Mexico,bankcard,Danish,"Universidad Iberoamericana, Campus León"
534,Atlanta,2013,Mexico,mastercard,Kannada,Universidad Regional Miguel Hidalgo
535,Ladonna,2010,Mexico,diners-club-enroute,Thai,Universidad Don Vasco
536,Allegra,2004,Mexico,jcb,Kurdish,Universidad de Montemorelos
537,Teddy,2006,Mexico,switch,Kazakh,Instituto Tecnológico y de Estudios Superiores de Occidente
538,Wilt,2000,Mexico,switch,Belarusian,Universidad del Tepeyac
539,Kariotta,1988,Mexico,mastercard,Guaraní,Universidad Salesiana
540,Rhodie,1962,Mexico,switch,Khmer,Universidad del Noroeste
541,Devora,2003,Mexico,jcb,Tok Pisin,Universidad Autónoma de Guadalajara
542,Marchelle,2011,Mexico,jcb,Dzongkha,Universidad Chapultepéc
543,Vinita,2007,Mexico,diners-club-carte-blanche,New Zealand Sign Language,Universidad Autónoma de Baja California
544,Shela,2010,Mexico,maestro,Burmese,Universidad Jóse Vasconcelos
545,Sig,1996,Mexico,diners-club-carte-blanche,Papiamento,Universidad Michoacana de San Nicolás de Hidalgo
546,Corbett,2005,Mexico,maestro,Bislama,Universidad de Guadalajara
547,Beverlee,2008,Mexico,mastercard,Spanish,Universidad del Tepeyac
548,Quintin,1989,Mexico,jcb,Somali,Universidad Olmeca
549,Correy,2007,Mexico,diners-club-carte-blanche,Arabic,Universidad Latina
550,Madel,1986,Mexico,americanexpress,Quechua,Universidad Santa Fe
551,Cassie,1996,Mexico,jcb,Swedish,Universidad Franco-Mexicana
552,Merrel,2010,Mexico,jcb,Icelandic,Universidad Autónoma del Estado de Hidalgo
553,Marice,1994,Mexico,switch,Polish,Universidad Autónoma de Querétaro
554,Ailey,2007,Mexico,visa,Filipino,Universidad de Celaya
555,Teddie,1994,Mexico,americanexpress,Belarusian,Universidad Pedagógica Nacional
556,Jarvis,2004,Mexico,maestro,Croatian,Universidad Intercontinental
557,Marji,1996,Mexico,visa-electron,Kannada,Universidad de Comunicación Avanzada
558,Alvira,2011,Mexico,diners-club-carte-blanche,Georgian,Universidad de León
559,Nickolaus,1966,Mexico,jcb,Spanish,Universidad de las Américas
560,Georgeanna,2002,Mexico,jcb,Hiri Motu,Universidad del Bajío
561,Dean,2000,Mexico,visa,Tsonga,Universidad Autonoma  de Durango
562,Enrico,1998,Mexico,jcb,Luxembourgish,Universidad de las Américas
563,Berti,2013,Mexico,jcb,Lao,Universidad del Bajío
564,Estele,1994,Mexico,jcb,Catalan,Universidad del Valle de Atemajac
565,Page,2000,Mexico,mastercard,Haitian Creole,Universidad del Noroeste
566,Kelsi,1995,Mexico,jcb,Hindi,Universidad del Norte
567,Adara,2005,Mexico,china-unionpay,Kannada,Universidad de Occidente
568,Todd,2004,Mexico,jcb,Telugu,Instituto Tecnológico de San Luis Potosí
569,Marylynne,2008,Mexico,jcb,Hindi,"Universidad Iberoamericana, Campus León"
570,Martainn,1994,Mexico,jcb,Latvian,Universidad Autónoma de Tlaxcala
571,Lonnie,2012,Mexico,jcb,Romanian,Universidad Valle del Grijalva
572,Stephanie,1994,Mexico,jcb,Spanish,Westhill University
573,Livvyy,2010,Mexico,switch,Swati,Universidad de Ciencias y Artes de Chiapas
574,Felicia,2002,Mexico,jcb,Guaraní,Universidad del Valle de Puebla
575,Kendall,2004,Mexico,solo,Dzongkha,Centro de Enseñanza Técnica Industrial
576,Chaddie,2013,Mexico,jcb,Swati,Universidad Iberoamericana
577,Shelton,2010,Mexico,jcb,Burmese,Universidad Autónoma de Tamaulipas
578,Arlen,1992,Mexico,maestro,Icelandic,Centro de Estudios Universitarios Xochicalco
579,Cob,1995,Mexico,diners-club-enroute,Tamil,Universidad Autónoma de Baja California
580,Retha,1997,Mexico,jcb,Afrikaans,Universidad del Tepeyac
581,Jeniffer,1995,Mexico,visa-electron,Irish Gaelic,Instituto Tecnológico de Querétaro
582,Olivier,1993,Mexico,china-unionpay,Japanese,Universidad Chapultepéc
583,Yolanda,2002,Mexico,visa-electron,Kazakh,Universidad Michoacana de San Nicolás de Hidalgo
584,Irma,1999,Mexico,switch,Gagauz,Universidad la Concordia
585,Winn,1996,Mexico,diners-club-carte-blanche,New Zealand Sign Language,Universidad Autónoma de Tlaxcala
586,Fernando,1996,Mexico,visa-electron,Maltese,Instituto Tecnológico de Aguascalientes
587,Olav,1999,Mexico,solo,Hungarian,Universidad Kino
588,Anastasie,1996,Mexico,jcb,Latvian,Universidad Champagnat
589,Josi,2006,Mexico,mastercard,Bislama,Universidad Autónoma de la Ciudad de México
590,Cam,1993,Mexico,jcb,Japanese,Universidad Salesiana
591,Candie,2011,Mexico,jcb,Japanese,Universidad Autónoma de Tlaxcala
592,Ernie,1997,Mexico,jcb,Chinese,Universidad Insurgentes Plantel León
593,Antons,2005,Mexico,jcb,German,Universidad Popular Autonóma del Estado de Puebla
594,Ivar,2004,Mexico,diners-club-enroute,Punjabi,Universidad del Mar
595,Trudi,1993,Mexico,mastercard,Punjabi,Universidad de Ciencias y Artes de Chiapas
596,Morna,2012,Mexico,visa,Māori,Universidad Autonoma  de Durango
597,Burt,1984,Mexico,jcb,Bosnian,Universidad de Montemorelos
598,Myrah,2006,Mexico,diners-club-enroute,Finnish,Universidad Champagnat
599,Parsifal,2008,Mexico,mastercard,Guaraní,Universidad México Americana del Norte
600,Teirtza,2011,Mexico,diners-club-enroute,Irish Gaelic,Universidad del Noroeste
601,Roderigo,2010,Mexico,china-unionpay,French,Instituto Tecnológico de Celaya
602,Herb,1994,Mexico,visa-electron,Gagauz,Universidad Autónoma de la Ciudad de México
603,Doris,1996,Mexico,diners-club-carte-blanche,Tsonga,Universidad Popular Autonóma del Estado de Puebla
604,Abby,2008,Mexico,jcb,Dzongkha,Universidad de las Américas
605,Mabelle,2007,Mexico,visa,Kazakh,Universidad Hispanoamericana
606,Dukey,2009,Mexico,china-unionpay,Luxembourgish,Universidad Mexicana del Noreste
607,Pippa,2007,Mexico,jcb,Kyrgyz,Universidad de Comunicación Avanzada
608,Brooks,1998,Mexico,jcb,Kurdish,Universidad Autónoma de Nuevo León
609,Nollie,1993,Mexico,maestro,Hungarian,Universidad de la Sierra A.C.
610,Andres,1995,Mexico,jcb,Hungarian,Universidad Pedagógica Nacional
611,Stafani,2005,Mexico,jcb,Dzongkha,Universidad Autónoma de Nayarit
612,Ddene,1997,Mexico,diners-club-carte-blanche,Macedonian,Universidad del Bajío
613,Cosme,2009,Mexico,maestro,Tajik,Universidad de San Miguel
614,Shelton,1990,Mexico,jcb,Haitian Creole,"Universidad Iberoamericana, Campus León"
615,Koralle,2007,Mexico,mastercard,Mongolian,Instituto de Estudios Superiores de la Sierra
616,Will,2002,Mexico,laser,Afrikaans,Universidad Autónoma Metropolitana
617,Curran,2006,Mexico,diners-club-enroute,English,Universidad Autónoma de Baja California
618,Ryon,2005,Mexico,jcb,Aymara,Universidad del Norte
619,Vina,1996,Mexico,jcb,Swati,Universidad de San Miguel
620,Marjorie,2011,Mexico,china-unionpay,Haitian Creole,Universidad de Comunicación Avanzada
621,Jennine,2009,Mexico,switch,Kannada,Instituto de Estudios Superiores de la Sierra
622,Merralee,2006,Mexico,jcb,Hebrew,"Universidad Iberoamericana, Campus León"
623,Hanan,1993,Mexico,jcb,Japanese,Universidad de Guadalajara
624,Carlota,1993,Mexico,bankcard,Armenian,Universidad Cristóbal Colón
625,Jerrilee,1997,Mexico,visa-electron,Kannada,Universidad Autónoma de Tlaxcala
626,Dorian,2007,Mexico,instapayment,Tajik,Universidad de la Sierra A.C.
627,Margaux,1992,Mexico,jcb,Gujarati,"Universidad de La Salle, Bajío"
628,Diego,1994,Mexico,americanexpress,French,Universidad de Sonora
629,Babbette,1972,Mexico,jcb,Fijian,Universidad del Mar
630,Goldie,1988,Mexico,bankcard,Haitian Creole,Universidad Regional Miguel Hidalgo
631,Terrel,2008,Mexico,mastercard,Kannada,Universidad Autónoma Metropolitana - Xochimilco
632,Danie,1988,Mexico,diners-club-carte-blanche,German,Universidad del Norte
633,Randall,1995,Mexico,mastercard,Croatian,Universidad Intercontinental
634,Wayne,2003,Mexico,jcb,Bislama,Universidad Santa Fe
635,Moore,2007,Mexico,china-unionpay,Estonian,Universidad de Monterrey
636,Fernanda,2006,Mexico,bankcard,Azeri,Universidad Olmeca
637,Ileane,2011,Mexico,jcb,Khmer,Instituto Tecnológico de Sonora
638,Saraann,1986,Mexico,china-unionpay,Tajik,Universidad Jóse Vasconcelos
639,Terence,2000,Mexico,jcb,Gagauz,Universidad Kino
640,Bethina,2010,Mexico,diners-club-carte-blanche,Bosnian,Universidad del Tepeyac
641,Dex,1997,Mexico,jcb,Malagasy,Westhill University
642,Shir,2006,Mexico,mastercard,Quechua,Universidad Autónoma Metropolitana - Xochimilco
643,Phelia,2012,Mexico,instapayment,Georgian,Universidad Madero
644,Melloney,2003,Mexico,jcb,Telugu,Universidad Autónoma de Nuevo León
645,Valry,1967,Mexico,jcb,Spanish,Universidad Mexicana del Noreste
646,Clayborn,2004,Mexico,diners-club-carte-blanche,Lithuanian,Escuela Nacional de Estudios Superiores Unidad León
647,Melesa,2006,Mexico,diners-club-enroute,West Frisian,Universidad Autónoma de San Luis Potosí
648,Kandace,1989,Mexico,jcb,Hebrew,"Universidad Autónoma Agraria ""Antonio Narro"""
649,Leticia,1996,Mexico,china-unionpay,Kyrgyz,Universidad Nuevo Mundo
650,Sarge,2012,Mexico,diners-club-enroute,Tswana,Universidad Popular Autonóma del Estado de Puebla
651,Livvyy,1997,Mexico,switch,Telugu,Universidad Insurgentes Plantel León
652,Baxy,1993,Mexico,jcb,Swedish,Universidad Itaca
653,Karalee,2010,Mexico,switch,Bosnian,Universidad Xicotepetl
654,Zola,1998,Mexico,diners-club-carte-blanche,Tswana,Universidad Jóse Vasconcelos
655,Rog,1990,Mexico,diners-club-carte-blanche,Tamil,Universidad Cuauhtémoc
656,Kris,1993,Mexico,jcb,Papiamento,Universidad Cientifica Latinoamericana de Hidalgo
657,Lyle,2008,Mexico,jcb,Moldovan,Universidad México Internacional
658,Chrystel,1985,Mexico,jcb,Croatian,Universidad Panamericana
659,Iolanthe,1989,Mexico,mastercard,Albanian,Universidad del Bajío
660,Johnathan,1990,Mexico,jcb,Sotho,Universidad Cientifica Latinoamericana de Hidalgo
661,Rudy,2008,Mexico,jcb,Moldovan,Universidad de Montemorelos
662,Tore,2008,Mexico,diners-club-carte-blanche,Icelandic,Universidad Olmeca
663,Patrizia,2010,Mexico,switch,Georgian,Universidad Regional del Sureste
664,Bertine,2002,Mexico,diners-club-carte-blanche,Montenegrin,Universidad Intercontinental
665,Micheal,2012,Mexico,jcb,Azeri,Centro Universitario Ixtlahuaca
666,Andrew,2011,Mexico,jcb,Amharic,Universidad de Occidente
667,Mirella,2006,Mexico,jcb,Arabic,Universidad Intercontinental
668,Ax,1987,Mexico,jcb,Papiamento,"Universidad Pedagógica Nacional, Unidad León"
669,Charmine,2008,Mexico,jcb,Dari,Universidad Autónoma de Campeche
670,Inger,1990,Mexico,diners-club-carte-blanche,Kyrgyz,Universidad Regional del Sureste
671,Luca,2012,Mexico,jcb,Kashmiri,Universidad Simón Bolivar
672,Ginger,1995,Mexico,diners-club-carte-blanche,Burmese,Instituto de Estudios Superiores de la Sierra
673,Donni,1999,Mexico,jcb,Macedonian,Universidad Regional del Sureste
674,Shayla,2007,Mexico,americanexpress,Korean,Universidad del Valle de Toluca
675,Roddie,1996,Mexico,visa,Telugu,Instituto Tecnológico de León
676,Lainey,2005,Mexico,americanexpress,Lao,Universidad Autónoma de Tlaxcala
677,Byram,1966,Mexico,bankcard,Bulgarian,Universidad Intercontinental
678,Claude,2009,Mexico,jcb,Tetum,"Universidad de Guanajuato, Campus León"
679,Mirilla,2007,Mexico,jcb,Gujarati,Universidad del Bajío
680,Elwyn,1995,Mexico,jcb,Thai,Universidad Autónoma de Yucatán
681,Maxie,1995,Mexico,mastercard,Danish,"Universidad de La Salle, Bajío"
682,Kiley,2003,Mexico,laser,Romanian,Westhill University
683,Boigie,2007,Mexico,mastercard,Luxembourgish,Instituto Tecnologico de Minatitlan
684,Leone,2008,Mexico,visa-electron,Tswana,Universidad del Mayab
685,Gloria,1985,Mexico,visa-electron,Portuguese,Universidad Autónoma de Campeche
686,Aime,2006,Mexico,jcb,Georgian,Universidad Tecnológica de México
687,Keenan,1972,Mexico,jcb,Greek,"Universidad Pedagógica Nacional, Unidad León"
688,Ami,2006,Mexico,bankcard,Albanian,Universidad Autonoma España de Durango
689,Maridel,2007,Mexico,americanexpress,New Zealand Sign Language,Universidad la Concordia
690,Maurizio,2000,Mexico,jcb,Chinese,Universidad España de Durango
691,Lesly,1999,Mexico,jcb,Bulgarian,Universidad Autónoma de Fresnillo
692,Grady,2012,Mexico,jcb,Guaraní,Universidad de la Sierra A.C.
693,Winny,1990,Mexico,laser,Dari,Universidad Autónoma de Veracruz Villa Rica
694,Norry,2012,Mexico,jcb,Gujarati,Universidad Autónoma de Tamaulipas
695,Selle,2005,Mexico,americanexpress,Georgian,CETYS Universidad
696,Esmeralda,1995,Mexico,china-unionpay,Nepali,Universidad Obrera de Mexico
697,Lucio,2004,Mexico,jcb,Catalan,Universidad Autónoma de Baja California
698,Billy,1997,Mexico,visa-electron,Mongolian,Universidad de Montemorelos
699,Blondy,2007,Mexico,bankcard,Chinese,Universidad Kino
700,Nate,2011,Mexico,jcb,Kurdish,Universidad Metropolitana de Monterrey
701,Angelita,1998,Mexico,jcb,Irish Gaelic,Universidad Autónoma Metropolitana - Xochimilco
702,Lulu,2004,Mexico,visa-electron,Luxembourgish,Universidad Autónoma de Fresnillo
703,Tonnie,2002,Mexico,jcb,Swahili,Universidad Jóse Vasconcelos
704,Lizzie,1995,Mexico,jcb,Hungarian,Universidad del Tepeyac
705,Margaretta,2007,Mexico,china-unionpay,Romanian,Universidad Regional Miguel Hidalgo
706,Dewain,2002,Mexico,switch,Oriya,Universidad Simón Bolivar
707,Lottie,2004,Mexico,visa-electron,Icelandic,Universidad Salesiana
708,Alfie,1999,Mexico,diners-club-us-ca,Danish,Universidad Anáhuac
709,Carine,1987,Mexico,visa,French,Universidad Autónoma de Yucatán
710,Damian,2008,Mexico,diners-club-enroute,Tok Pisin,Universidad México Internacional
711,Adriano,2012,Mexico,jcb,Polish,Instituto Tecnológico de San Luis Potosí
712,Monica,2002,Mexico,maestro,Polish,Universidad Autónoma de Chapingo
713,Bridie,2006,Mexico,diners-club-carte-blanche,Greek,Universidad Autónoma de Fresnillo
714,Leonardo,1997,Mexico,instapayment,Quechua,Universidad Simón Bolivar
715,Arlyne,1992,Mexico,maestro,Thai,Universidad Insurgentes Plantel León
716,Celeste,2012,Mexico,jcb,Kashmiri,Universidad Mexicana
717,Siusan,1993,Mexico,china-unionpay,Somali,Universidad Madero
718,Lucas,1986,Mexico,jcb,Latvian,Universidad Lasallista Benavente
719,Donny,1989,Mexico,maestro,Bulgarian,Universidad Xicotepetl
720,Constance,2005,Mexico,jcb,Tok Pisin,Universidad Itaca
721,Karia,2001,Mexico,visa,Albanian,Universidad Franco-Mexicana
722,Toddy,2000,Mexico,jcb,New Zealand Sign Language,Universidad Cientifica Latinoamericana de Hidalgo
723,Fleurette,2011,Mexico,visa-electron,Moldovan,Universidad Popular Autonóma del Estado de Puebla
724,Vale,1993,Mexico,jcb,Swedish,Universidad Autónoma de Nuevo León
725,Pierette,2007,Mexico,jcb,Mongolian,Universidad Autónoma de Nayarit
726,Bevin,1992,Mexico,china-unionpay,Sotho,Universidad del Centro de México
727,Ripley,2002,Mexico,jcb,Czech,Instituto Tecnológico y de Estudios Superiores de Monterrey (ITESM)
728,Candide,2007,Mexico,jcb,Bengali,Universidad de Comunicación Avanzada
729,Lorant,1997,Mexico,jcb,Tok Pisin,Universidad Motolinía del Pedegral
730,Claudina,1986,Mexico,jcb,Pashto,Universidad del Bajío
731,Rozamond,2002,Mexico,jcb,Pashto,Universidad del Valle de Puebla
732,Godart,1990,Mexico,diners-club-enroute,Gujarati,Instituto Tecnológico de Sonora
733,Sheila-kathryn,1996,Mexico,jcb,Macedonian,Universidad Cuauhtémoc
734,Gale,2008,Mexico,visa-electron,Indonesian,Universidad Olmeca
735,Floria,2007,Mexico,china-unionpay,Bengali,Universidad de Colima
736,Cully,1984,Mexico,jcb,Malayalam,Universidad Metropolitana de Monterrey
737,Kerby,2006,Mexico,visa-electron,Guaraní,Westhill University
738,Jacinthe,2005,Mexico,jcb,Persian,Universidad Autónoma de Baja California Sur
739,Jarad,2001,Mexico,china-unionpay,Bengali,El Colegio de México
740,Durand,1985,Mexico,jcb,Afrikaans,Universidad Regional Miguel Hidalgo
741,Kermy,2010,Mexico,instapayment,Haitian Creole,Universidad de Guanajuato
742,Raquel,1995,Mexico,switch,Punjabi,Universidad Santa Fe
743,Sherm,2001,Mexico,jcb,Polish,Universidad Pedagógica Veracruzana
744,Berti,2012,Mexico,jcb,French,Universidad Autónoma del Estado de México
745,Gib,2011,Mexico,jcb,Moldovan,Universidad Autónoma de Ciudad Juárez
746,Byram,1991,Mexico,mastercard,Icelandic,Universidad de Sonora
747,Ethelind,2002,Mexico,switch,Thai,Universidad Mexicana
748,Vinny,2007,Mexico,maestro,Northern Sotho,Escuela Bancaria y Comercial
749,Claiborn,2004,Mexico,jcb,Irish Gaelic,Universidad de Monterrey
750,Amye,1990,Mexico,jcb,Kannada,Universidad de Guanajuato
751,Carlotta,2000,Mexico,diners-club-enroute,Burmese,Escuela Bancaria y Comercial
752,Katuscha,2000,Mexico,jcb,Tetum,Universidad Tecnológica de México
753,Teresa,1991,Mexico,visa,Irish Gaelic,Universidad Insurgentes Plantel León
754,Darline,2008,Mexico,jcb,Thai,Universidad Autónoma del Estado de Morelos
755,Cherianne,2006,Mexico,laser,Swahili,Universidad de Quintana Roo
756,Violante,2005,Mexico,jcb,Haitian Creole,Instituto Tecnológico y de Estudios Superiores de Occidente
757,Alberik,1986,Mexico,jcb,Northern Sotho,Universidad Autónoma de Campeche
758,Tristam,2002,Mexico,jcb,Chinese,Universidad Autónoma de Ciudad Juárez
759,Noami,1985,Mexico,china-unionpay,Croatian,Centro Universitario Ixtlahuaca
760,Jeniece,2009,Mexico,diners-club-enroute,Kannada,Centro Universitario Ixtlahuaca
761,Carina,2007,Mexico,maestro,Guaraní,Universidad Cuauhtémoc
762,Kassie,2001,Mexico,jcb,Ndebele,Universidad Champagnat
763,Blanca,2011,Mexico,visa-electron,Tsonga,Universidad del Norte
764,Cynthia,2003,Mexico,jcb,Finnish,CETYS Universidad
765,Betteann,2006,Mexico,maestro,Korean,Universidad La Salle
766,Lisbeth,1999,Mexico,jcb,Kashmiri,Instituto Tecnológico de San Luis Potosí
767,Isaak,1995,Mexico,jcb,Malagasy,Universidad Kino
768,Boy,2006,Mexico,jcb,Oriya,Universidad de Quintana Roo
769,Humfried,2006,Mexico,jcb,New Zealand Sign Language,"Universidad Pedagógica Nacional, Unidad León"
770,Wenonah,1993,Mexico,maestro,Macedonian,Instituto Tecnologico de Durango
771,Martina,2004,Mexico,jcb,Kannada,Universidad México Americana del Norte
772,Phaidra,2000,Mexico,visa-electron,Tswana,Instituto Tecnológico de San Luis Potosí
773,Tucker,2009,Mexico,jcb,Dutch,Universidad Anáhuac del Sur
774,Thaxter,2006,Mexico,jcb,Gujarati,Universidad Mexicana del Noreste
775,Michaella,1986,Mexico,jcb,Bosnian,Universidad Regional Miguel Hidalgo
776,Lucita,2006,Mexico,jcb,Bislama,Universidad del Valle de Toluca
777,Oona,1999,Mexico,visa-electron,Georgian,Universidad Autónoma de Chihuahua
778,Berkeley,2006,Mexico,laser,Telugu,Universidad Regional Miguel Hidalgo
779,Udell,2005,Mexico,jcb,Bosnian,Instituto Tecnológico de Querétaro
780,Guinna,1994,Mexico,jcb,Tswana,Universidad Autónoma del Carmen
781,Donnajean,1988,Mexico,jcb,Quechua,Universidad La Salle Cuernavaca
782,Liza,2003,Mexico,jcb,Persian,Universidad Metropolitana Latin Campus
783,Engracia,2005,Mexico,jcb,English,Universidad Autónoma de Querétaro
784,Jodi,1955,Mexico,diners-club-carte-blanche,Kurdish,Universidad Metropolitana de Monterrey
785,Laurent,1992,Mexico,jcb,Quechua,Universidad Olmeca
786,Floris,2003,Mexico,maestro,Dhivehi,Politécnico de Guanajuato
787,Laureen,1998,Mexico,americanexpress,Catalan,Universidad de Norteamerica
788,Loleta,2000,Mexico,switch,Dari,Universidad Autónoma de Baja California Sur
789,Ingemar,2000,Mexico,diners-club-enroute,Gagauz,Instituto Tecnológico de Celaya
790,Kris,2003,Mexico,maestro,Telugu,Instituto Tecnológico de León
791,Myles,1994,Mexico,jcb,Montenegrin,Universidad Autónoma de San Luis Potosí
792,Sibby,2003,Mexico,jcb,Tetum,"Instituto Politécnico Nacional, Campus Guanajuato"
793,Vivie,2005,Mexico,diners-club-carte-blanche,Montenegrin,Universidad Popular Autonóma del Estado de Puebla
794,Becca,1993,Mexico,maestro,Lithuanian,Universidad Anáhuac del Sur
795,Bev,2008,Mexico,jcb,Tetum,Universidad Cristóbal Colón
796,Clem,1985,Mexico,jcb,Greek,Instituto Tecnológico de Sonora
797,Howie,2002,Mexico,jcb,Hindi,Universidad Pedagógica Veracruzana
798,Dewain,2002,Mexico,jcb,West Frisian,"Universidad de Guanajuato, Campus León"
799,Rhoda,1996,Mexico,jcb,Tetum,Universidad Autónoma de Campeche
800,Bourke,2000,Mexico,solo,Bosnian,Escuela Nacional de Estudios Superiores Unidad León
801,Kellsie,1999,Mexico,visa,Finnish,Instituto de Estudios Superiores de la Sierra
802,Virgilio,2005,Mexico,visa-electron,Latvian,Universidad Autónoma de Guadalajara
803,Crissie,2008,Mexico,jcb,Azeri,"Universidad de Guanajuato, Campus León"
804,Kaitlin,2011,Mexico,jcb,Kyrgyz,Universidad Regiomontana
805,Harrison,2008,Mexico,jcb,Lithuanian,Universidad del Valle de Atemajac
806,Jennilee,2001,Mexico,maestro,Bislama,Universidad Regional Miguel Hidalgo
807,Mohammed,1985,Mexico,visa,Khmer,Universidad Autónoma de Campeche
808,Ross,2004,Mexico,jcb,Azeri,Universidad del Valle de Atemajac
809,Vonnie,2003,Mexico,mastercard,Dhivehi,Universidad Latina
810,Earlie,2009,Mexico,diners-club-carte-blanche,Chinese,Universidad Michoacana de San Nicolás de Hidalgo
811,Pammy,2012,Mexico,mastercard,Dari,Universidad Michoacana de San Nicolás de Hidalgo
812,Shandie,2002,Mexico,jcb,Guaraní,Universidad del Noroeste
813,Franny,1996,Mexico,jcb,Spanish,Universidad de las Américas
814,Sue,2010,Mexico,visa-electron,Luxembourgish,Universidad Autónoma de Coahuila
815,Beverley,2007,Mexico,jcb,Telugu,Instituto Tecnológico de León
816,Olivia,1988,Mexico,visa,Belarusian,Universidad Autónoma de Guerrero
817,Cory,1996,Mexico,diners-club-carte-blanche,Chinese,Universidad Franco-Mexicana
818,Xaviera,2006,Mexico,jcb,Kazakh,Instituto de Estudios Superiores de la Sierra
819,Olia,1998,Mexico,diners-club-enroute,New Zealand Sign Language,Instituto Tecnologico de Minatitlan
820,Tammara,2001,Mexico,jcb,Danish,Universidad del Valle de Puebla
821,Cale,1998,Mexico,diners-club-carte-blanche,Swati,Universidad Anáhuac
822,Marieann,1992,Mexico,jcb,Finnish,Universidad Don Vasco
823,Ardelle,1993,Mexico,jcb,Tsonga,Westhill University
824,Town,2001,Mexico,jcb,Malayalam,Universidad Anáhuac
825,Merrielle,2003,Mexico,jcb,Polish,Universidad del Valle de Atemajac
826,Ted,1998,Mexico,maestro,Marathi,Universidad Autónoma Metropolitana
827,Si,2008,Mexico,diners-club-enroute,Afrikaans,Universidad de Norteamerica
828,Doroteya,2011,Mexico,jcb,Romanian,Universidad Nuevo Mundo
829,Leslie,1992,Mexico,jcb,Bosnian,Universidad de Monterrey
830,Cristobal,2007,Mexico,instapayment,Chinese,Universidad la Concordia
831,Julia,2006,Mexico,jcb,Northern Sotho,Universidad Lasallista Benavente
832,Thelma,2007,Mexico,jcb,Assamese,Universidad Veracruzana
833,Errol,2010,Mexico,jcb,Bengali,Universidad Latinoamericana
834,Bertie,1985,Mexico,china-unionpay,Albanian,Universidad Autónoma de Tlaxcala
835,Cyndi,2007,Mexico,jcb,Polish,Universidad Veracruzana
836,Caroljean,2006,Mexico,china-unionpay,Polish,"Universidad Pedagógica Nacional, Unidad León"
837,Lacee,1997,Mexico,laser,Kurdish,Universidad Autónoma del Carmen
838,Joye,1994,Mexico,maestro,Maltese,Universidad Pedagógica Nacional
839,Sapphira,1948,Mexico,jcb,Filipino,Universidad Pedagógica Veracruzana
840,Malena,2008,Mexico,laser,Marathi,"Universidad Iberoamericana, Campus León"
841,Antonio,2007,Mexico,bankcard,Kazakh,Centro de Enseñanza Técnica Industrial
842,Cash,2007,Mexico,bankcard,Hindi,Instituto Tecnológico de Morelia
843,Adelbert,1984,Mexico,jcb,Armenian,Universidad Anáhuac del Sur
844,Florencia,1995,Mexico,bankcard,Aymara,Universidad Mexicana del Noreste
845,Ingaberg,2010,Mexico,jcb,Marathi,Universidad Autónoma de Nuevo León
846,Dorey,2001,Mexico,jcb,Burmese,Universidad Autónoma de Yucatán
847,Alicia,2006,Mexico,jcb,Georgian,"Universidad Autónoma ""Benito Juárez"" de Oaxaca"
848,Fitz,2009,Mexico,jcb,German,Universidad Nuevo Mundo
849,Meridith,2005,Mexico,visa,Luxembourgish,Universidad Santa Fe
850,Lucia,2011,Mexico,maestro,Greek,Instituto Tecnológico y de Estudios Superiores de Occidente
851,Alard,2009,Mexico,visa,Croatian,Universidad de Comunicación Avanzada
852,Missy,1993,Mexico,jcb,Punjabi,Universidad Autónoma de la Ciudad de México
853,Eliza,1992,Mexico,americanexpress,Armenian,Universidad Insurgentes Plantel León
854,Eleonore,1997,Mexico,diners-club-carte-blanche,Bengali,Instituto Tecnológico de Celaya
855,Flora,2006,Mexico,maestro,Hindi,Universidad Autónoma de Chiapas
856,Jaime,2001,Mexico,americanexpress,Kashmiri,Universidad Don Vasco
857,Aidan,1998,Mexico,visa-electron,Pashto,Universidad Madero
858,Laney,2008,Mexico,visa,Norwegian,Instituto Tecnológico y de Estudios Superiores de Monterrey (ITESM)
859,Rowen,1989,Mexico,jcb,Gujarati,Universidad de León
860,Chester,2011,Mexico,jcb,Bengali,Universidad Autónoma de Nayarit
861,Linet,1999,Mexico,mastercard,Kurdish,Universidad Mesoamericana de San Agustín
862,Lyndel,1960,Mexico,switch,Fijian,Dirección General de Institutos Tecnológicos
863,Diannne,1992,Mexico,diners-club-us-ca,Malayalam,Universidad España de Durango
864,Jania,1994,Mexico,china-unionpay,Hiri Motu,Universidad de Ciencias y Artes de Chiapas
865,Ruddy,2003,Mexico,jcb,Lithuanian,Universidad Franco-Mexicana
866,Eugenia,2011,Mexico,maestro,Tswana,Universidad Cristóbal Colón
867,Aland,2011,Mexico,laser,Gujarati,Universidad Justo Sierra
868,Roger,2002,Mexico,maestro,Korean,Universidad de Cuautitlan Izcalli
869,Ursa,2002,Mexico,mastercard,Gujarati,Universidad de Quintana Roo
870,Hersch,2009,Mexico,jcb,Kyrgyz,Instituto Tecnológico y de Estudios Superiores de Occidente
871,Merwyn,2006,Mexico,mastercard,Hiri Motu,Universidad Mesoamericana de San Agustín
872,Lenci,1984,Mexico,diners-club-enroute,Danish,Universidad Franciscana de México
873,Forest,2013,Mexico,visa-electron,Hiri Motu,Instituto Tecnológico de Sonora
874,Panchito,2005,Mexico,china-unionpay,Arabic,Universidad Tecnologica de la Mixteca
875,Cameron,1992,Mexico,diners-club-carte-blanche,Norwegian,Universidad Mesoamericana de San Agustín
876,Debby,2006,Mexico,jcb,Japanese,Instituto Tecnologico de Minatitlan
877,Sven,2003,Mexico,jcb,Northern Sotho,Universidad Iberoamericana
878,Nahum,1979,Mexico,jcb,Sotho,Instituto Tecnológico de San Luis Potosí
879,Sal,2011,Mexico,switch,Luxembourgish,Universidad Chapultepéc
880,Selma,1999,Mexico,jcb,Hindi,Universidad de Quintana Roo
881,Loralie,2005,Mexico,instapayment,Icelandic,Universidad de Norteamerica
882,Kennan,1996,Mexico,mastercard,Swahili,Universidad Lasallista Benavente
883,Jedidiah,2007,Mexico,jcb,Icelandic,Universidad de Monterrey
884,Maighdiln,1996,Mexico,jcb,Somali,Centro de Enseñanza Técnica Industrial
885,Carey,2003,Mexico,jcb,Swedish,Universidad Mesoamericana de San Agustín
886,Eunice,2009,Mexico,switch,Albanian,Universidad de Sonora
887,Siward,1989,Mexico,jcb,Dzongkha,Universidad de San Miguel
888,Carie,2002,Mexico,jcb,Italian,Universidad Don Vasco
889,Ulrika,2002,Mexico,maestro,Amharic,Universidad del Mayab
890,Willie,2006,Mexico,jcb,Afrikaans,Universidad España de Durango
891,Mersey,2002,Mexico,maestro,Bulgarian,Universidad de Guanajuato
892,Kora,2009,Mexico,mastercard,Malagasy,Instituto Tecnológico de Querétaro
893,Francesco,1989,Mexico,mastercard,Hiri Motu,Universidad Cristóbal Colón
894,Isaiah,2002,Mexico,jcb,Malay,Universidad Juárez Autónoma de Tabasco
895,Richmound,1992,Mexico,switch,Georgian,Instituto Tecnológico Autonómo de México
896,Louisette,1997,Mexico,visa,Tetum,Universidad Autónoma de Chapingo
897,Toddie,1998,Mexico,mastercard,Ndebele,Universidad Autónoma de San Luis Potosí
898,Cristie,2005,Mexico,jcb,Hiri Motu,Universidad Metropolitana de Monterrey
899,Tonye,1992,Mexico,visa,Marathi,Universidad Autónoma de Guadalajara
900,Cyndie,1998,Mexico,jcb,Zulu,Universidad Valle del Grijalva
901,Hyacinth,2005,Mexico,maestro,Chinese,Centro de Estudios Universitarios Monterrey
902,Dorree,2003,Mexico,jcb,Zulu,Universidad Autónoma del Noreste
903,Waylen,2011,Mexico,china-unionpay,Khmer,Universidad Iberoamericana
904,Averil,1992,Mexico,jcb,Georgian,Universidad de Hermosillo
905,Car,2009,Mexico,americanexpress,Amharic,Universidad Pedagógica Veracruzana
906,Bianca,2008,Mexico,diners-club-us-ca,Guaraní,Universidad Valle del Grijalva
907,Mavis,2011,Mexico,bankcard,Marathi,Instituto Tecnologico de Durango
908,Deloria,1994,Mexico,jcb,Macedonian,Universidad Pedagógica Nacional
909,Doti,1973,Mexico,visa-electron,Danish,Universidad Autónoma de Chihuahua
910,Noemi,1993,Mexico,mastercard,Marathi,Universidad de Guanajuato
911,Ira,1995,Mexico,jcb,Dzongkha,Universidad de Hermosillo
912,Bearnard,2000,Mexico,jcb,Pashto,Universidad Metropolitana de Monterrey
913,Hobey,2007,Mexico,jcb,Haitian Creole,Centro de Estudios Universitarios Monterrey
914,Vannie,2003,Mexico,diners-club-enroute,Danish,Universidad del Noreste
915,Colin,1994,Mexico,china-unionpay,Yiddish,Universidad Anáhuac
916,Sophia,2008,Mexico,maestro,Tswana,Universidad de Sonora
917,Shermie,1992,Mexico,mastercard,Aymara,Universidad Nuevo Mundo
918,Ardys,1998,Mexico,bankcard,Maltese,Universidad de Cuautitlan Izcalli
919,Bernardina,2005,Mexico,diners-club-international,Icelandic,"Universidad de La Salle, Bajío"
920,Zia,1999,Mexico,instapayment,West Frisian,Universidad Madero
921,La verne,2010,Mexico,laser,Thai,Universidad de San Miguel
922,Lyndsay,1999,Mexico,jcb,Pashto,Universidad Cientifica Latinoamericana de Hidalgo
923,Delly,1964,Mexico,diners-club-carte-blanche,Persian,Universidad Autónoma de Fresnillo
924,Portie,2009,Mexico,visa-electron,Quechua,Universidad del Centro de México
925,Libby,2005,Mexico,jcb,Malayalam,Universidad Latina
926,Kitti,2010,Mexico,china-unionpay,Kannada,Universidad Autónoma de Veracruz Villa Rica
927,Cammi,1997,Mexico,visa-electron,Finnish,Universidad Autónoma de Chiapas
928,Viv,2008,Mexico,jcb,Assamese,Universidad Autónoma de Sinaloa
929,Mandy,1994,Mexico,mastercard,Hiri Motu,Universidad Nuevo Mundo
930,Zia,1992,Mexico,visa-electron,Azeri,Universidad Xicotepetl
931,Horst,1967,Mexico,jcb,New Zealand Sign Language,Dirección General de Institutos Tecnológicos
932,Morissa,1979,Mexico,jcb,Bulgarian,Universidad Autónoma de Baja California Sur
933,Devy,2011,Mexico,jcb,Kurdish,Universidad Autónoma del Noreste
934,Alphard,1997,Mexico,jcb,Swahili,Universidad Autónoma de Tlaxcala
935,Elie,2005,Mexico,jcb,Sotho,Universidad Latinoamericana
936,Gerti,2010,Mexico,mastercard,Hindi,Universidad Anáhuac del Sur
937,Talia,2009,Mexico,americanexpress,Nepali,Universidad del Mayab
938,Charlton,1988,Mexico,jcb,Norwegian,Universidad Autónoma del Carmen
939,Brocky,2004,Mexico,solo,New Zealand Sign Language,Universidad Autónoma de Aguascalientes
940,Maressa,2001,Mexico,maestro,Luxembourgish,Universidad Fray Luca Paccioli
941,Kristine,2006,Mexico,jcb,Chinese,Universidad Valle del Grijalva
942,Chilton,1992,Mexico,jcb,Afrikaans,Universidad Autónoma de San Luis Potosí
943,Gideon,2010,Mexico,jcb,Icelandic,Universidad Pedagógica Nacional
944,Cyndie,2005,Mexico,diners-club-enroute,Montenegrin,Universidad del Valle del Bravo
945,Rebekah,2002,Mexico,jcb,Belarusian,Universidad Tecnológica de México
946,Marnie,2012,Mexico,diners-club-carte-blanche,Filipino,Universidad Latinoamericana
947,Cathrin,1991,Mexico,diners-club-carte-blanche,Bislama,Universidad Champagnat
948,Trisha,2008,Mexico,jcb,Kashmiri,Universidad España de Durango
949,Elena,2007,Mexico,laser,Bislama,Universidad Autónoma de Baja California
950,Joaquin,1986,Mexico,jcb,Swati,Universidad Autónoma de Chapingo
951,Lissie,1995,Mexico,jcb,Tok Pisin,Universidad Michoacana de San Nicolás de Hidalgo
952,Chilton,2008,Mexico,jcb,Lithuanian,Universidad Autónoma de Coahuila
953,Winnie,1993,Mexico,maestro,Amharic,Centro de Estudios Universitarios Xochicalco
954,Anabelle,1992,Mexico,jcb,Swati,"Instituto Politécnico Nacional, Campus Guanajuato"
955,Kassia,2006,Mexico,jcb,Albanian,Universidad Autónoma de Fresnillo
956,Iseabal,1993,Mexico,switch,Armenian,Centro de Estudios Universitarios Xochicalco
957,Carlyn,1996,Mexico,jcb,Bengali,Centro Universitario Ixtlahuaca
958,Terrie,2008,Mexico,jcb,Afrikaans,Escuela Bancaria y Comercial
959,Arturo,2012,Mexico,jcb,Greek,Instituto Tecnologico de Minatitlan
960,Wainwright,1985,Mexico,maestro,Lithuanian,Universidad Itaca
961,Rafferty,2003,Mexico,visa,Portuguese,Universidad de Cuautitlan Izcalli
962,Blinnie,2002,Mexico,mastercard,Haitian Creole,Universidad Cuauhtémoc
963,Carver,2000,Mexico,jcb,Spanish,Universidad del Valle de México
964,Darryl,2000,Mexico,visa-electron,Zulu,Universidad Simón Bolivar
965,Darbee,1999,Mexico,diners-club-enroute,Finnish,Instituto Tecnológico de León
966,Dacie,2002,Mexico,visa-electron,Persian,Instituto Tecnológico de Morelia
967,Verine,1990,Mexico,visa,Guaraní,Universidad Regional del Sureste
968,Malanie,2000,Mexico,instapayment,Bengali,Universidad Autónoma de Guerrero
969,Javier,2006,Mexico,china-unionpay,Romanian,Universidad Regional del Sureste
970,Hyacinthia,1993,Mexico,laser,Kyrgyz,Instituto Tecnológico de Querétaro
971,Brod,2012,Mexico,jcb,Ndebele,Universidad del Mayab
972,Hussein,2011,Mexico,jcb,Haitian Creole,Universidad México Americana del Norte
973,Greer,2004,Mexico,bankcard,Tamil,Universidad Autónoma de Tlaxcala
974,Adiana,1992,Mexico,jcb,Yiddish,Universidad Pedagógica Veracruzana
975,Bill,1995,Mexico,jcb,Tok Pisin,Instituto Tecnológico de San Luis Potosí
976,Cookie,1997,Mexico,jcb,Latvian,Universidad Anáhuac del Sur
977,Leilah,2006,Mexico,diners-club-carte-blanche,Polish,Universidad Autónoma de Aguascalientes
978,Darn,1999,Mexico,jcb,Greek,Universidad de las Américas - Puebla
979,Vicky,1995,Mexico,americanexpress,Dari,Universidad Valle del Grijalva
980,Wolf,1995,Mexico,diners-club-enroute,Kannada,Universidad de Quintana Roo
981,Howard,2007,Mexico,jcb,Belarusian,Instituto Tecnológico de Sonora
982,Fredia,1996,Mexico,jcb,Tok Pisin,"Universidad Autónoma Agraria ""Antonio Narro"""
983,Melany,2003,Mexico,maestro,Yiddish,Politécnico de Guanajuato
984,Lilli,2003,Mexico,jcb,Ndebele,Universidad del Noroeste
985,Sheelah,2013,Mexico,switch,Hindi,Universidad de Sonora
986,Horatia,1966,Mexico,diners-club-carte-blanche,Aymara,Universidad España de Durango
987,Phil,2006,Mexico,jcb,Luxembourgish,Universidad del Noreste
988,Maighdiln,2007,Mexico,jcb,Kashmiri,Universidad Don Vasco
989,Heather,2000,Mexico,solo,Arabic,Instituto Tecnológico Autonómo de México
990,Berty,2005,Mexico,jcb,Spanish,Instituto Tecnológico y de Estudios Superiores de Occidente
991,Jacinta,2004,Mexico,china-unionpay,Danish,Universidad Autónoma de Nuevo León
992,Sanderson,2007,Mexico,laser,Greek,Universidad Santa Fe
993,Dorisa,2010,Mexico,jcb,Chinese,Universidad Motolinía del Pedregal
994,Vachel,2005,Mexico,diners-club-carte-blanche,Dari,Universidad Regional del Sureste
995,Lishe,2008,Mexico,mastercard,Portuguese,Universidad Salesiana
996,Dael,2009,Mexico,jcb,Persian,Universidad La Salle
997,Ruby,2008,Mexico,jcb,Georgian,Politécnico de Guanajuato
998,Dawna,2011,Mexico,diners-club-us-ca,Latvian,Universidad del Noreste
999,Morissa,2007,Mexico,jcb,Estonian,Universidad del Valle del Bravo
1000,Damiano,1971,Mexico,jcb,Somali,CETYS Universidad
