id,first_name,car_model_year,country
1,Borg,2007,United States
2,Kaitlynn,1995,Mexico
3,Letizia,2001,United States
4,Vin,2001,Mexico
5,Clarice,1992,Mexico
6,Anne-marie,1992,United States
7,Aluin,2007,United States
8,Cathrin,1984,United States
9,Rick,2007,United States
10,Frans,1992,United States
11,Nola,2002,United States
12,Gram,2011,United States
13,Daphna,1999,United States
14,Herrick,2000,United States
15,Rianon,1990,United States
16,Robert,2003,United States
17,Ingmar,1996,United States
18,Harmonia,1999,Mexico
19,Lou,2001,United States
20,Lenore,1993,United States
21,Katie,2005,United States
22,Dorri,1992,Mexico
23,Isahella,2012,Mexico
24,Esmeralda,1993,Mexico
25,Claire,2001,United States
26,Manda,1995,United States
27,Vinnie,2009,United States
28,Adda,1994,United States
29,Seward,1964,United States
30,Ariela,1999,United States
31,Prisca,1990,United States
32,Jacqui,2011,Mexico
33,Aprilette,2004,Mexico
34,Mitchael,1997,Mexico
35,Seth,2012,United States
36,Joey,2007,United States
37,Lon,2007,Mexico
38,Hendrika,1991,United States
39,Gallard,1996,United States
40,Morris,2004,Mexico
41,Enoch,2011,United States
42,Lydie,1995,United States
43,Thomasin,1993,Mexico
44,Jenifer,2011,United States
45,Juanita,1992,United States
46,Marlena,2001,Mexico
47,Caralie,1999,United States
48,Foss,2006,United States
49,Ewan,2009,United States
50,Bruno,2005,United States
51,Bonny,1994,United States
52,Lorettalorna,1994,United States
53,Dagny,2007,Mexico
54,Nils,1989,United States
55,Hamish,2007,United States
56,Ken,2003,United States
57,Allissa,1985,United States
58,Elvina,2011,United States
59,Drusie,1999,Mexico
60,Marie-ann,1986,United States
61,Horst,2010,United States
62,Sansone,2006,Mexico
63,Yule,1964,United States
64,Natalee,1997,United States
65,Tremaine,2013,Mexico
66,Marilin,2001,Mexico
67,Sharron,2005,Mexico
68,Carmela,1995,United States
69,Bertram,1997,Mexico
70,Aliza,1989,United States
71,Orran,2012,Mexico
72,Elianore,1997,United States
73,Leisha,2004,United States
74,Eugene,2000,United States
75,Rollins,2003,United States
76,Mignon,2006,Mexico
77,Gracie,1996,Mexico
78,Helen,1992,United States
79,Wiatt,1998,United States
80,Gwenora,2005,United States
81,Lyndsey,1992,United States
82,Jacquenette,1999,Mexico
83,Adore,2007,Mexico
84,Minnaminnie,2006,Mexico
85,Lottie,1992,United States
86,Briney,2013,Mexico
87,Tish,2007,Mexico
88,Liza,2007,Mexico
89,Carroll,2006,United States
90,Wandie,1985,Mexico
91,Yvette,1988,Mexico
92,Franz,2006,Mexico
93,Jeane,1997,United States
94,Filip,2000,United States
95,Ysabel,2005,United States
96,Bev,2009,United States
97,Sada,1994,Mexico
98,Gregoire,1985,Mexico
99,Ashil,1994,Mexico
100,Valera,1997,United States
101,Daisi,2001,Mexico
102,Kendricks,2007,Mexico
103,Patti,1995,United States
104,Lorie,2004,United States
105,Joannes,1992,United States
106,Marjy,2011,United States
107,Oralle,1990,Mexico
108,Loy,2006,United States
109,Davida,2003,United States
110,Haskell,2002,United States
111,Georgi,2002,Mexico
112,Nathanial,2004,United States
113,Arnie,1992,United States
114,Elonore,2006,United States
115,Nicholle,1991,United States
116,Joy,1994,United States
117,Ash,1998,Mexico
118,Helyn,1997,United States
119,Waite,2001,Mexico
120,Aleece,2001,Mexico
121,Pauli,2010,United States
122,Elianore,2004,United States
123,Kerk,1991,United States
124,Doreen,1985,United States
125,Abey,1989,United States
126,Elisabeth,2009,United States
127,Nerte,2003,Mexico
128,Bartel,1991,United States
129,Stormi,1994,United States
130,Seka,2002,United States
131,Sidnee,2010,United States
132,Kaitlynn,1997,United States
133,Nikita,1988,United States
134,Mace,2001,Mexico
135,Keen,1995,Mexico
136,Filberto,1998,Mexico
137,Lana,1995,United States
138,Meggy,1997,United States
139,Alf,1997,Mexico
140,Adriano,2007,Mexico
141,Aloysia,2009,Mexico
142,Shaughn,1995,United States
143,Kellyann,1987,United States
144,Devlen,1999,United States
145,Henderson,1987,Mexico
146,Drugi,2006,United States
147,David,1994,Mexico
148,Carree,2011,United States
149,Neila,2012,United States
150,Christoffer,2002,United States
151,Augustine,2004,Mexico
152,Shaw,2000,United States
153,Nadiya,1988,United States
154,Daphene,1997,United States
155,Bartie,2008,United States
156,Krispin,1997,United States
157,Julianna,2009,United States
158,Cloris,2005,United States
159,Karalynn,2005,Mexico
160,Elenore,1996,United States
161,Harlene,1998,United States
162,Angele,2008,United States
163,Devin,1987,United States
164,Archy,2002,United States
165,Cos,1985,Mexico
166,Ki,1996,Mexico
167,Farr,2006,United States
168,Ronnie,1994,Mexico
169,Corissa,2004,Mexico
170,Amargo,1996,Mexico
171,Linea,2012,United States
172,Matteo,2008,Mexico
173,Merrilee,1996,United States
174,Britte,2010,United States
175,Bram,1996,Mexico
176,Virginia,1995,United States
177,Mason,2010,United States
178,Laurence,1988,United States
179,Leroi,1997,Mexico
180,Alaric,1995,United States
181,Halette,2010,Mexico
182,Florinda,1992,United States
183,Freddi,2009,United States
184,Homerus,2008,United States
185,Bruis,2001,Mexico
186,Lorry,1996,United States
187,Norris,2010,Mexico
188,Slade,2007,United States
189,Thorvald,1986,Mexico
190,Quint,2008,Mexico
191,Philly,2009,Mexico
192,Jeralee,1995,United States
193,Lorin,1994,Mexico
194,Cleo,2008,Mexico
195,Casandra,2002,United States
196,Melita,1984,United States
197,Emelyne,2005,United States
198,Kristopher,1993,Mexico
199,Brigitta,2006,United States
200,Bret,1998,United States
201,Edith,2009,United States
202,Katy,2001,United States
203,Ibbie,1988,United States
204,Christy,1998,United States
205,Rivy,1991,United States
206,Elly,2006,United States
207,Kelbee,1993,Mexico
208,Lissie,2011,United States
209,Ronda,2011,Mexico
210,Cornela,1996,United States
211,Burch,1996,United States
212,Barbabra,2007,United States
213,Joan,2010,Mexico
214,Valera,1995,Mexico
215,Melosa,1987,Mexico
216,Selby,2005,Mexico
217,Jeane,2011,United States
218,Othelia,2003,United States
219,Roselin,2012,Mexico
220,Terry,2002,Mexico
221,Mabel,2011,United States
222,Kimble,2009,Mexico
223,Tandy,2013,United States
224,Mickie,1996,United States
225,Margarete,1992,United States
226,Chet,2008,United States
227,Lebbie,2011,United States
228,Noni,2003,United States
229,Mavis,2003,Mexico
230,Benjamen,2009,United States
231,Kelsy,1984,United States
232,Fiona,1998,Mexico
233,Valentine,1994,United States
234,Isadore,2008,Mexico
235,Malchy,2006,United States
236,Denys,2006,United States
237,Chastity,2013,United States
238,Alfy,2012,United States
239,Paulie,2009,Mexico
240,Ardith,2000,Mexico
241,Izak,2009,United States
242,Rex,2002,United States
243,Hinze,2006,Mexico
244,Aksel,2011,Mexico
245,Valentine,1996,United States
246,Anjela,2007,Mexico
247,Cori,2008,United States
248,Wald,2010,United States
249,Ethelyn,2009,Mexico
250,Fredia,1995,Mexico
251,Zonda,2009,United States
252,Nolie,2004,United States
253,Meggie,2010,United States
254,Tailor,2000,United States
255,Merola,1992,Mexico
256,Allis,2011,United States
257,Garrott,1992,United States
258,Elane,2006,United States
259,Hilde,1987,Mexico
260,Tammie,2001,United States
261,Noland,2000,United States
262,Vikky,1984,United States
263,Maisey,2002,Mexico
264,Drugi,2011,Mexico
265,Kacie,2002,Mexico
266,Frasquito,1986,Mexico
267,Bram,1992,Mexico
268,Clementius,2003,United States
269,Brew,1990,United States
270,Jens,1999,United States
271,Dorothea,1997,United States
272,Garth,1993,Mexico
273,Lorna,1995,United States
274,Pollyanna,1997,United States
275,Alanah,1995,United States
276,Forster,1983,United States
277,Deonne,2000,United States
278,Mirabelle,2006,United States
279,Kristen,2001,United States
280,Husein,2013,Mexico
281,Colet,1995,United States
282,Daveta,2007,United States
283,Lyell,1993,United States
284,Constantin,2002,United States
285,Barbara,2009,Mexico
286,Sherline,2007,Mexico
287,Lisabeth,2008,United States
288,Mellie,2010,Mexico
289,Meghann,2005,United States
290,Amata,1986,Mexico
291,Madella,2006,United States
292,Jaquelyn,1998,United States
293,Nicol,2012,United States
294,Even,2008,United States
295,Ulrick,2000,United States
296,Ronny,2010,United States
297,Patrizia,2007,Mexico
298,Bren,1999,Mexico
299,Tiffany,1997,Mexico
300,Gregor,1997,United States
301,Nil,2002,Mexico
302,Del,1983,United States
303,Hasty,1981,United States
304,Robinetta,1995,United States
305,Bruis,2005,Mexico
306,Kingsley,2011,United States
307,Cece,2008,United States
308,Mikey,2007,Mexico
309,Martynne,2010,Mexico
310,Querida,1994,Mexico
311,Sonia,2002,United States
312,Errol,1993,United States
313,Garrick,1956,United States
314,Nancee,1984,United States
315,Kathie,1992,United States
316,Giffie,1997,United States
317,Nikkie,2003,United States
318,Damiano,1993,Mexico
319,Loren,2009,United States
320,Averyl,1996,United States
321,Federica,2006,United States
322,Charo,1994,Mexico
323,Kendre,1999,United States
324,Eyde,2006,United States
325,Carmelia,1998,United States
326,Farr,2007,United States
327,Birgit,1998,United States
328,Jecho,1990,Mexico
329,Rebeca,1993,United States
330,Joletta,2005,United States
331,Sisile,1997,Mexico
332,Griselda,1988,United States
333,Andy,1998,United States
334,Colline,2009,Mexico
335,Dilan,1988,United States
336,Allin,2001,United States
337,Carney,1999,Mexico
338,Lorene,2006,United States
339,Laurie,2009,United States
340,Tyrone,1998,Mexico
341,Johann,2011,United States
342,Nessy,1996,United States
343,Krissy,1988,United States
344,Isacco,2012,Mexico
345,Dawna,2012,United States
346,Tyler,1994,United States
347,Ursala,1993,United States
348,Alberto,2006,United States
349,Cele,2006,United States
350,Rayshell,1973,United States
351,Elly,1997,Mexico
352,Caril,1989,United States
353,Paulette,2008,United States
354,Amalita,1992,Mexico
355,Guss,1993,United States
356,Ninetta,1998,United States
357,Robyn,2010,United States
358,Vin,2013,Mexico
359,Garv,2006,Mexico
360,Cammi,2008,United States
361,Isahella,2004,United States
362,Wyatan,1993,United States
363,Ebonee,1987,United States
364,Whittaker,2011,United States
365,Nollie,1966,United States
366,Andriana,2002,Mexico
367,Mariejeanne,2011,Mexico
368,Bidget,1989,United States
369,Kathy,2009,Mexico
370,Ashley,1998,United States
371,Essy,1953,Mexico
372,Kevon,2004,Mexico
373,Tony,1992,Mexico
374,Edith,1993,Mexico
375,Jannelle,1986,Mexico
376,Kile,2010,United States
377,Annamaria,2000,Mexico
378,Georg,1981,United States
379,Burl,2003,United States
380,Tarah,2000,United States
381,Kippie,1987,United States
382,Danyette,2004,United States
383,Valli,2001,United States
384,Stella,1992,United States
385,Jesselyn,2006,United States
386,Wes,1994,Mexico
387,Susanna,2010,United States
388,Margot,2007,United States
389,Zita,2009,Mexico
390,Sally,2005,United States
391,Sascha,2000,United States
392,Trevor,1987,United States
393,Eloisa,2004,United States
394,Seline,1999,United States
395,Doe,2000,United States
396,Chrisse,1991,Mexico
397,Christin,2007,United States
398,Mahala,2010,United States
399,Archie,1987,Mexico
400,Remy,2005,Mexico
401,Sara,2003,Mexico
402,Lolita,2007,United States
403,Rayna,1997,Mexico
404,Harland,2008,Mexico
405,Dan,2009,Mexico
406,Violetta,2005,United States
407,Crystal,1986,United States
408,Matthus,2010,Mexico
409,Concordia,2008,Mexico
410,Ingeborg,2004,Mexico
411,Matthus,2011,Mexico
412,Bernice,2003,United States
413,Wenona,2007,Mexico
414,Mariele,1985,United States
415,Priscella,1988,Mexico
416,Trev,2000,United States
417,Alethea,2009,United States
418,Corbet,2007,Mexico
419,Darby,2013,United States
420,Estel,1986,United States
421,Othello,1996,Mexico
422,Ely,1993,United States
423,Currey,2003,United States
424,Fidel,1992,United States
425,Clare,2010,United States
426,Sofie,2007,United States
427,Dyna,2007,United States
428,Priscella,1997,United States
429,Skipton,2010,Mexico
430,Kari,2011,Mexico
431,Donni,2001,Mexico
432,Aurel,2007,United States
433,Teador,1993,United States
434,Rickie,2010,United States
435,Florenza,2006,United States
436,Sigismondo,1995,United States
437,Iolande,1992,Mexico
438,Gabbi,1987,Mexico
439,Rheba,2005,Mexico
440,Mattie,2010,United States
441,Aubert,2000,United States
442,August,2008,United States
443,Luca,1990,United States
444,Terrell,2004,United States
445,Jilly,2009,Mexico
446,Fidelio,1994,Mexico
447,Jacinda,2013,Mexico
448,Lucy,2006,United States
449,Hali,2001,Mexico
450,Alford,1993,Mexico
451,Lamar,1967,United States
452,Corbett,2012,Mexico
453,Jacqui,1999,Mexico
454,Grayce,1995,United States
455,Hilarius,2003,Mexico
456,Jacintha,2005,United States
457,Rafe,2007,United States
458,Kermy,1996,Mexico
459,Carce,2012,United States
460,Benton,2004,United States
461,Gabriello,2012,Mexico
462,Yancy,2006,United States
463,Patty,1984,Mexico
464,Opalina,1996,United States
465,Louie,2006,United States
466,Terri,1990,Mexico
467,Lorant,2013,United States
468,Dalis,2006,United States
469,Trevar,2006,United States
470,Celeste,1986,Mexico
471,Maryl,1996,United States
472,Anica,1993,United States
473,Kennie,2010,United States
474,Natalie,1990,United States
475,Jemmy,2008,Mexico
476,Paulie,2007,Mexico
477,Milton,2010,United States
478,Kaia,1999,United States
479,Neale,1999,Mexico
480,Mag,2002,United States
481,Trumann,2007,United States
482,Guthrey,1991,United States
483,Jerrine,1988,Mexico
484,Athena,1966,United States
485,Clarissa,2007,United States
486,Llywellyn,2004,United States
487,Herold,2003,United States
488,Ebba,2008,Mexico
489,Cullie,1995,United States
490,Phineas,1994,Mexico
491,Morgen,1997,United States
492,Zahara,1999,United States
493,Dar,2004,United States
494,Nevil,2010,United States
495,Gunther,1992,United States
496,Drona,1997,United States
497,Gary,2009,Mexico
498,Kristyn,2010,Mexico
499,Thacher,2009,United States
500,Danella,1999,United States
501,Eleanora,1992,United States
502,Abe,1992,Mexico
503,Dodie,2006,United States
504,Michal,2010,Mexico
505,Sax,1962,Mexico
506,Walker,1984,Mexico
507,Sol,2008,United States
508,Abbi,1986,United States
509,Sorcha,2001,Mexico
510,Corey,2007,United States
511,Sean,2003,United States
512,Karoly,2007,Mexico
513,Lukas,1999,Mexico
514,Wendell,2012,United States
515,Javier,1992,Mexico
516,Jorey,2003,United States
517,Adolphe,1997,United States
518,Philomena,1997,United States
519,Cahra,1994,Mexico
520,Giffard,2000,United States
521,Jedd,2009,Mexico
522,Moira,2010,United States
523,Ilyse,2005,United States
524,Hillard,1999,Mexico
525,Erhard,2012,United States
526,Briney,1986,United States
527,Coop,1994,United States
528,Tedd,1962,United States
529,Aylmar,2000,United States
530,Eadie,1992,United States
531,Jorie,1987,United States
532,Nata,2009,Mexico
533,Debbie,2009,Mexico
534,Georgette,1999,United States
535,Isidoro,2006,Mexico
536,Dorise,2010,United States
537,Laney,1988,Mexico
538,Sena,2009,United States
539,Gabriellia,2010,Mexico
540,Amory,2006,Mexico
541,Giacopo,1989,United States
542,Vaclav,2010,United States
543,Lita,2011,United States
544,Bill,1994,United States
545,Marlyn,1999,United States
546,Lulita,1984,Mexico
547,Lilla,2011,United States
548,Pennie,2010,United States
549,Estel,1994,Mexico
550,Vasily,1995,United States
551,Joachim,2012,Mexico
552,Jerrilyn,1993,United States
553,Ed,1993,United States
554,Maxim,2008,United States
555,Franklin,1997,Mexico
556,Rab,1967,United States
557,Adolf,1998,United States
558,Mavis,1992,United States
559,Sidnee,2003,Mexico
560,Trey,1997,Mexico
561,Karita,1989,Mexico
562,Chen,1985,Mexico
563,Jayne,2000,United States
564,Cordelie,1994,United States
565,Aile,2002,United States
566,Rogers,2011,Mexico
567,Faydra,1969,United States
568,Gilberta,1998,United States
569,Burty,1985,United States
570,Candra,2012,United States
571,Hunter,2007,United States
572,Gigi,1993,Mexico
573,Keene,1997,United States
574,Carri,1992,United States
575,Caye,2003,United States
576,Barrie,1964,Mexico
577,Darn,2001,Mexico
578,Tripp,2003,United States
579,Biron,2010,United States
580,Wilona,2012,United States
581,Jay,1994,Mexico
582,Dante,2013,Mexico
583,Kalle,1988,United States
584,Nefen,1987,United States
585,Marylynne,2007,Mexico
586,Kimmi,1998,Mexico
587,Denise,2006,United States
588,Jaclyn,1995,United States
589,Jerrine,1989,Mexico
590,Odelle,2002,United States
591,Constance,1993,United States
592,Annecorinne,2007,United States
593,Kenton,2003,Mexico
594,Ally,2010,Mexico
595,Nanon,2008,Mexico
596,Ashby,1998,United States
597,Katusha,2001,United States
598,Waylen,1987,United States
599,Upton,1998,United States
600,Julissa,1992,United States
601,Grange,2010,United States
602,Nesta,2006,United States
603,Webb,1994,United States
604,Stanley,1985,United States
605,Guntar,1985,United States
606,Florina,2011,Mexico
607,Shaun,2011,Mexico
608,Ivory,1992,United States
609,Heda,2009,Mexico
610,Carmella,2002,United States
611,Billie,1997,United States
612,Amelita,2013,Mexico
613,Hadrian,2005,United States
614,Dee dee,2005,United States
615,Bendick,1998,United States
616,Dylan,2002,Mexico
617,Sasha,1998,United States
618,Ula,1993,United States
619,Yule,2004,United States
620,Katee,1995,United States
621,Maureen,2007,Mexico
622,Adelheid,2000,United States
623,Nils,2006,United States
624,Ferdinanda,2010,United States
625,Joy,2004,Mexico
626,Mommy,2009,United States
627,Andreana,2012,Mexico
628,Kin,2009,United States
629,Johny,2003,United States
630,Tait,2005,United States
631,Gae,2004,United States
632,Rodolphe,2012,United States
633,Tressa,2009,United States
634,Kelcy,1996,United States
635,Claire,2008,Mexico
636,Sal,2011,United States
637,Marney,2009,United States
638,Nevin,2011,Mexico
639,Lock,2010,United States
640,Gasparo,2013,Mexico
641,Dorree,2010,United States
642,Gael,2000,United States
643,Daniel,2005,United States
644,Trstram,2006,United States
645,Eudora,2008,Mexico
646,Stafford,2012,Mexico
647,Buddie,2009,Mexico
648,Georgiana,2006,Mexico
649,Clemmy,2006,Mexico
650,Felizio,1998,United States
651,Jason,2003,United States
652,Conan,2013,United States
653,Lodovico,2000,United States
654,Philomena,2005,United States
655,Bartolemo,1992,United States
656,Caryn,2002,United States
657,Binni,2011,United States
658,Sherwynd,1986,United States
659,Michael,2007,United States
660,Allan,1989,United States
661,Deeanne,1994,Mexico
662,Bartolomeo,1986,United States
663,Randie,1995,Mexico
664,Ricard,1998,United States
665,Murray,1994,United States
666,Winfred,1992,United States
667,Halsey,2003,United States
668,Harriot,2011,United States
669,Annissa,1999,United States
670,Hubert,2011,United States
671,Geordie,1991,Mexico
672,Linda,2001,United States
673,Raimundo,2001,Mexico
674,Cash,2004,Mexico
675,Jerrilyn,1987,United States
676,Tiphany,1991,Mexico
677,Mercy,2001,United States
678,Julina,1996,United States
679,Morris,1973,United States
680,Willa,2007,Mexico
681,Clarice,2006,United States
682,Dotty,2004,Mexico
683,Clovis,2000,United States
684,Wat,2010,United States
685,Theodor,1994,United States
686,Prissie,1987,United States
687,Alexander,2012,United States
688,Breena,1993,United States
689,Pippo,2013,United States
690,Rakel,2002,United States
691,Stafford,1996,United States
692,Barbie,1996,Mexico
693,Goober,2005,United States
694,Lillian,1988,United States
695,Rosanna,1996,United States
696,Tybi,2007,United States
697,Starlin,1985,United States
698,Johnathon,2005,United States
699,Tonye,1966,Mexico
700,Chrissy,2008,United States
701,Ronnica,2005,United States
702,Rosanna,2004,United States
703,Anya,2004,Mexico
704,Jo,1987,Mexico
705,Arturo,2003,Mexico
706,Robbi,1991,Mexico
707,Nahum,1989,United States
708,Stillmann,2010,United States
709,Nicol,2007,United States
710,Mei,2006,United States
711,Kynthia,1999,United States
712,Quincy,2011,Mexico
713,Grant,2002,United States
714,Rosabelle,2002,United States
715,Ellwood,2008,United States
716,Ofella,2012,Mexico
717,Lyell,1986,United States
718,Aldon,1997,Mexico
719,Margit,2010,United States
720,Aldus,2003,Mexico
721,Davida,2012,United States
722,Ruth,1987,United States
723,Adam,1998,United States
724,Delphinia,2010,United States
725,Hamil,1990,United States
726,Ardath,1968,United States
727,Artur,1993,United States
728,Hagen,1966,United States
729,Nellie,2006,United States
730,Rosamund,2011,United States
731,Federica,1998,United States
732,Anson,1995,United States
733,Geno,2009,Mexico
734,Antonella,1993,Mexico
735,Jojo,1987,Mexico
736,Hadleigh,2013,Mexico
737,Angele,2006,United States
738,Ina,2003,United States
739,Brandea,1996,United States
740,Sher,2012,United States
741,Leonard,2010,United States
742,Loy,1995,Mexico
743,Vinny,2012,United States
744,Read,2000,United States
745,Sheelah,1992,Mexico
746,Angelico,2011,United States
747,Rubetta,1984,United States
748,Eustacia,1998,United States
749,Veronica,1996,United States
750,Ode,1998,United States
751,Waldon,2010,United States
752,Hilary,2012,Mexico
753,Colin,2013,Mexico
754,Eldredge,1993,United States
755,Humfrid,1994,Mexico
756,Aluino,2001,United States
757,Kaspar,2012,Mexico
758,Anica,2003,Mexico
759,Alexander,1996,United States
760,Ardith,2012,United States
761,Emmott,1993,United States
762,Ralph,2011,United States
763,Far,2011,Mexico
764,Titus,1999,United States
765,Karia,2012,Mexico
766,Salomi,2008,Mexico
767,Bat,2003,Mexico
768,Kele,2005,United States
769,Orazio,1998,Mexico
770,Edin,1997,United States
771,Andris,1993,Mexico
772,Lewie,2009,Mexico
773,Nickola,2000,Mexico
774,Zebadiah,2002,United States
775,Leontine,1997,Mexico
776,Lotty,2005,United States
777,Arnaldo,2007,United States
778,Sydney,1993,United States
779,Raeann,1989,United States
780,Randie,1994,United States
781,Courtnay,1997,Mexico
782,Kaylyn,2008,United States
783,Alva,2003,United States
784,Reeba,2001,United States
785,Chilton,2006,United States
786,Doreen,2012,United States
787,Royal,1950,United States
788,Dalt,1996,United States
789,Kate,1990,United States
790,Forster,2001,Mexico
791,Carmon,2006,United States
792,Sheena,1989,Mexico
793,Winfred,2007,United States
794,Ramonda,2006,United States
795,Pauletta,2003,United States
796,Drusy,1994,United States
797,Cecil,2001,Mexico
798,Claretta,1994,United States
799,Berkie,2005,United States
800,Zeb,2004,United States
801,Koenraad,1997,United States
802,Jarib,2013,Mexico
803,Mavra,2009,Mexico
804,Nancey,2008,United States
805,Basil,1996,Mexico
806,Kristen,2011,United States
807,Martynne,1990,Mexico
808,Hayward,1995,United States
809,Jewell,1992,United States
810,Hector,2002,United States
811,Eada,2012,United States
812,Reinaldos,1998,United States
813,Horton,1993,United States
814,Corry,1998,United States
815,Sharyl,1999,United States
816,Nevsa,1997,Mexico
817,Sylvester,2001,United States
818,Chev,1998,United States
819,Eddi,2007,United States
820,Lenci,2000,United States
821,Kathryne,1994,Mexico
822,Dene,1995,Mexico
823,Jakob,2012,United States
824,Cody,2008,Mexico
825,Kaia,2001,United States
826,Bail,2002,United States
827,Bertha,2006,United States
828,Sybil,2013,United States
829,Horatia,1990,United States
830,Vinnie,1992,United States
831,Yank,2003,United States
832,Penrod,2009,United States
833,Jodi,2007,Mexico
834,Markus,2002,Mexico
835,Kalinda,2002,United States
836,Pietro,1996,United States
837,Gauthier,1992,Mexico
838,Kaleena,2004,Mexico
839,Den,2004,United States
840,Justen,2001,United States
841,Nevil,2001,United States
842,Cynthia,2005,United States
843,Allx,2010,United States
844,Kirsti,1999,United States
845,Andras,2013,United States
846,Dianna,1994,United States
847,Nell,2005,United States
848,Todd,2005,United States
849,Vladamir,2000,United States
850,Deeanne,1994,Mexico
851,Rebeca,2006,United States
852,Sonny,2008,United States
853,Jesselyn,2004,Mexico
854,Reagen,2010,United States
855,Abbie,1996,United States
856,Gaven,1992,United States
857,Magda,1996,United States
858,Trudy,2011,Mexico
859,Marcia,2003,United States
860,Alejandro,2000,Mexico
861,Cart,2001,United States
862,Lebbie,1998,Mexico
863,Crystal,2007,Mexico
864,Codie,1992,Mexico
865,Ann,1988,United States
866,Zeb,2003,United States
867,Maryl,2010,United States
868,Suki,1999,United States
869,Tann,2008,Mexico
870,Dniren,1989,United States
871,Gabriele,2006,Mexico
872,Edy,1985,United States
873,Melody,2008,United States
874,Jasmina,2008,United States
875,Wilbert,1995,United States
876,Aurelea,1989,United States
877,Isidora,1994,United States
878,Krystle,2010,United States
879,Jesse,2007,United States
880,Catlaina,2000,Mexico
881,Ginelle,1992,United States
882,Alfy,2005,United States
883,Eloise,1993,United States
884,Henka,2003,United States
885,Geraldine,2004,United States
886,Ardenia,2006,United States
887,Ban,1993,United States
888,Antin,2005,United States
889,Darya,2003,United States
890,Rosella,2004,United States
891,Janessa,2004,United States
892,Damita,1996,Mexico
893,Andrea,2006,United States
894,Hillel,1995,Mexico
895,Manolo,1997,United States
896,Ileane,1983,Mexico
897,Tonye,2008,United States
898,Gerek,2012,United States
899,Blithe,2003,Mexico
900,Gizela,1997,United States
901,Emmalee,1993,Mexico
902,Packston,1989,United States
903,Delora,2008,Mexico
904,Karna,2002,United States
905,Ulrikaumeko,1994,United States
906,Ivar,2007,United States
907,Christal,2007,United States
908,Doll,2009,United States
909,Gracia,1992,United States
910,Lombard,2009,Mexico
911,Otho,1973,United States
912,Englebert,1992,Mexico
913,Erna,2007,United States
914,Lennard,1999,Mexico
915,Lionel,2012,Mexico
916,Sheffield,1996,United States
917,Kaiser,2004,United States
918,Tierney,2011,United States
919,Jaimie,2000,United States
920,Shanie,1996,United States
921,Dane,1958,United States
922,Silva,1997,United States
923,Kiley,2002,Mexico
924,Timmy,1992,Mexico
925,Roda,2005,Mexico
926,Julina,1992,Mexico
927,Salome,2013,United States
928,Sharona,2001,United States
929,Cynthie,2005,United States
930,Demetris,2009,United States
931,Rodrique,1987,United States
932,Shellie,2003,United States
933,Ilka,1996,United States
934,Heinrik,2012,United States
935,Alethea,2004,United States
936,Quinn,2010,United States
937,Hermia,2006,United States
938,Marjory,1973,Mexico
939,Kingston,1993,United States
940,Egbert,1988,Mexico
941,Karisa,1967,United States
942,My,2008,United States
943,Cornelius,2010,Mexico
944,Kessia,2005,Mexico
945,Sauveur,2001,United States
946,Mabelle,2003,United States
947,Camile,1995,United States
948,Craggie,2008,United States
949,Daphene,2003,Mexico
950,Jania,2010,United States
951,Pamella,2010,United States
952,Royce,2002,United States
953,Constantine,1994,United States
954,Katusha,2004,United States
955,William,1994,United States
956,Blayne,1994,United States
957,Averyl,2010,United States
958,Damaris,1998,United States
959,Georgi,2006,Mexico
960,Abbott,2000,United States
961,Yancy,1998,United States
962,Rianon,1988,United States
963,Tomasine,1996,United States
964,Homerus,1999,United States
965,Simmonds,2006,Mexico
966,Edlin,2005,United States
967,Giulio,2012,United States
968,Emlen,2006,Mexico
969,Burgess,2001,United States
970,Perri,1992,United States
971,Catarina,2011,United States
972,Lory,1994,United States
973,Cherin,1992,United States
974,Zachariah,2001,United States
975,Karie,2007,Mexico
976,Adore,2003,United States
977,Orran,2011,Mexico
978,Brandyn,1994,United States
979,Dorita,1999,United States
980,Bertrando,2006,Mexico
981,Sam,1993,United States
982,Inesita,1992,United States
983,Merl,1999,Mexico
984,Ethelind,2002,United States
985,Howey,1992,United States
986,Farrel,2007,United States
987,Roderich,1957,Mexico
988,Mitchel,2012,United States
989,Jaquelin,1993,Mexico
990,Alexandr,2007,United States
991,Vinni,2007,Mexico
992,Jania,2007,United States
993,Aleda,1985,Mexico
994,Deloris,2010,United States
995,Vonnie,2009,United States
996,Wait,2011,United States
997,Ingunna,1994,Mexico
998,Decca,1990,Mexico
999,Eleanora,1997,United States
1000,Terrie,1966,United States
